cluster_1,,Epithelium,Epithelium,Epithelium,Other,Other,Other,Stroma,Stroma,Stroma
cluster_2,,Epithelium,Other,Stroma,Epithelium,Other,Stroma,Epithelium,Other,Stroma
source,target,,,,,,,,,
RGS2,TRPV6,0,0,0,0,0,0,0,0,0
IGF1,NTRK2,0,0,0,0,0,0,0,0,0.9329168796539307
EGF,NTRK2,0,0,0,0,0,0,0,0,0
NGF,NTRK2,0,0,0.9012925624847412,0,0,0.6036544442176819,0,0,0
CSF1,NTRK2,0,0,0,0,0,0,0,0,0.9504848718643188
HGF,NTRK2,0,0,0.5315551161766052,0,0,0,0,0,0.9330947995185852
AREG,NTRK2,0,0,0.5813131928443909,0,0,0.5871521830558777,0,0,0
PDGFA,NTRK2,0,0,0.73297518491745,0,0,0,0,0,0.6776103973388672
PDGFB,NTRK2,0,0,0.5686169862747192,0,0,0,0,0,0
ANGPT2,NTRK2,0,0,0,0,0,0,0,0,0.5480290651321411
ANGPT1,NTRK2,0,0,0,0,0,0,0,0,0.9021306037902832
ANGPT4,NTRK2,0,0,0,0,0,0,0,0,0.6359744071960449
BDNF,NTRK2,0,0,0,0,0,0,0,0,0.7738698720932007
EREG,NTRK2,0,0,0.952769935131073,0,0,0.5939735770225525,0,0,0.7789825797080994
VEGFD,NTRK2,0,0,0,0,0,0,0,0,0.710476279258728
FGF5,NTRK2,0,0,0,0,0,0,0,0,0
FGF23,NTRK2,0,0,0,0,0,0,0,0,0
PGF,NTRK2,0,0,0,0,0,0,0,0,0.8297066688537598
BDNF,GRIN2A,0,0,0,0,0,0,0,0,0
ANXA1,GRIN2A,0,0,0,0,0,0,0,0,0
IFNG,GRIA1,0,0,0,0,0,0,0,0,0
BDNF,GRIA1,0,0,0,0,0,0,0,0,0
NTS,GRIA1,0,0,0,0,0,0,0,0,0
LGALS9,PTPRC,0,0.1670433133840561,0,0,0.17869730293750763,0,0,0.22672970592975616,0
LGALS1,PTPRC,0,0,0,0,0.36063694953918457,0,0,0.5776695609092712,0
NID1,PTPRF,0,0,0,0,0,0,1.42453134059906,0,0
CD80,CTLA4,0,0,0,0,0,0,0,0,0
CD8A,LAT,0,0,0,0,0.7501468062400818,0,0,0,0
TLN1,ITGB1,0,0,0,0,0,0,0.3227402865886688,0.06828239560127258,0.4317508339881897
CSF2,ITGB1,0,0,0,0,0,0,0,0,0
HGF,ITGB1,0.2632903754711151,0.008832486346364021,0.372300922870636,0,0,0,0.6648300886154175,0.41037216782569885,0.773840606212616
ANGPT1,ITGB1,0,0,0,0,0,0,0.6338658928871155,0.37940800189971924,0.742876410484314
MDK,ITGB1,0,0,0,0,0,0,0.6304641962051392,0.3760063350200653,0.7394747734069824
FLT4,ITGB1,0,0,0,0,0,0,0,0,0
CXCL12,ITGB1,0,0,0,0,0,0,0.7970492839813232,0.542591392993927,0.9060598611831665
VEGFD,ITGB1,0,0,0,0,0,0,0.4422115087509155,0.1877536177635193,0.5512220859527588
RELN,ITGB1,0,0,0,0,0,0,0.27328360080718994,0.0188257098197937,0.3822941482067108
VTN,ITGB1,0,0,0,0,0,0,0.7865641117095947,0.5321061611175537,0.8955746293067932
SEMA7A,ITGB1,0,0,0,0,0,0,0,0,0
THBS1,ITGB1,0.782060980796814,0.527603030204773,0.8910714983940125,0.3208026885986328,0.06634479761123657,0.4298132359981537,0.5701180696487427,0.31566017866134644,0.6791286468505859
THBS2,ITGB1,0,0,0,0,0,0,0.6094891428947449,0.35503125190734863,0.7184996604919434
VWF,ITGB1,0,0,0,0,0,0,0,0,0
VCAM1,ITGB1,0,0,0,0,0,0,0.9338997602462769,0.6794418692588806,1.0429103374481201
VCAN,ITGB1,0,0,0,0,0,0,0.9103419780731201,0.6558840274810791,1.0193524360656738
LGALS1,ITGB1,0,0,0,0.5071176290512085,0.25265970826148987,0.616128146648407,0.7241502404212952,0.4696923494338989,0.8331607580184937
LAMB1,ITGB1,0,0,0,0,0,0,0.9529130458831787,0.6984550952911377,1.0619235038757324
LAMA4,ITGB1,0,0,0,0,0,0,0.7732263803482056,0.5187684893608093,0.8822369575500488
LAMC2,ITGB1,1.0361474752426147,0.7816895246505737,1.145158052444458,0.2922233045101166,0.03776540979743004,0.40123385190963745,0,0,0
NID1,ITGB1,0,0,0,0,0,0,1.2227983474731445,0.9683403968811035,1.3318088054656982
TNC,ITGB1,0.2650495767593384,0.010591676458716393,0.37406012415885925,0,0,0,0.4619004726409912,0.20744258165359497,0.5709110498428345
LUM,ITGB1,0,0,0,0,0,0,0.7714132070541382,0.5169552564620972,0.8804237246513367
TFF2,ITGB1,0,0,0,0,0,0,0,0,0
TFF1,ITGB1,0,0,0,0.2804447412490845,0.025986848399043083,0.38945528864860535,0,0,0
COL6A3,ITGB1,0,0,0,0,0,0,0.5742440223693848,0.3197861313819885,0.683254599571228
LAMA3,ITGB1,1.24736487865448,0.992906928062439,1.3563754558563232,0.29041731357574463,0.0359594002366066,0.3994278311729431,0,0,0
FBLN1,ITGB1,0,0,0,0,0,0,1.1045702695846558,0.8501123785972595,1.213580846786499
ICAM4,ITGB1,0.2612477242946625,0.006789824925363064,0.37025827169418335,0,0,0,0.28805097937583923,0.0335930697619915,0.3970615267753601
LAMC3,ITGB1,0,0,0,0,0,0,0.9057416915893555,0.6512837409973145,1.0147521495819092
SPP1,ITGB1,0,0,0,0.4318854510784149,0.17742756009101868,0.5408959984779358,0,0,0
LAMA2,ITGB1,0,0,0,0,0,0,1.483077883720398,1.2286200523376465,1.5920884609222412
CHAD,ITGB1,0.26033493876457214,0.005877042189240456,0.369345486164093,0,0,0,0,0,0
SPON2,ITGB1,0,0,0,0,0,0,0,0,0
COL6A6,ITGB1,0,0,0,0,0,0,0.5050808191299438,0.2506228983402252,0.6140913367271423
THBS4,ITGB1,0,0,0,0,0,0,0,0,0
WISP1,ITGB1,0,0,0,0,0,0,0.5295442342758179,0.27508634328842163,0.6385548114776611
CSF3,PLAUR,1.1597727537155151,0.7135287523269653,0,0.8444272875785828,0.39818334579467773,0,0,0,0
IL1B,PLAUR,0,0,0,0.7947692275047302,0.3485252559185028,0,0,0,0
KNG1,PLAUR,0,0,0,0,0,0,0,0,0
VTN,PLAUR,0,0,0,0,0,0,1.2805448770523071,0.8343009352684021,0
IGLC1,FCGR2B,0,0,0,0,0,0,0,0,0
CD80,CD3E,0,0,0,0,0,0,0,0,0
IL12B,CD3E,0,0,0,0,0.38060319423675537,0,0,0,0
IGF1,APP,0,0,0,0,0,0,0.7697573304176331,0,0.7478139400482178
CD40LG,APP,0,0,0,0.3707801103591919,0,0.3488366901874542,0,0,0
IAPP,APP,0.3860497772693634,0,0.36410635709762573,0,0,0,0.38318920135498047,0,0.3612457811832428
IL18,APP,0,0,0,0,0,0,0,0,0
APOE,APP,0.3984024226665497,0,0.376459002494812,0.6853986978530884,0,0.6634552478790283,0.4124580919742584,0,0.39051467180252075
SPON1,APP,0,0,0,0,0,0,0.8353785276412964,0,0.8134350776672363
KDR,PECAM1,0,0,0,0,0,0,0,0,0
IGF1,PDGFRB,0,0,0,0,0,0,0,0,1.4856258630752563
KIT,PDGFRB,0,0,0,0,0,1.1187500953674316,0,0,0
EGF,PDGFRB,0,0,0,0,0,0,0,0,0
NGF,PDGFRB,0,0,1.454001545906067,0,0,1.1563634872436523,0,0,0
CSF1,PDGFRB,0,0,0,0,0,0,0,0,1.5031938552856445
HGF,PDGFRB,0,0,1.0842641592025757,0,0,0,0,0,1.4858038425445557
AREG,PDGFRB,0,0,1.1340222358703613,0,0,1.1398611068725586,0,0,0
PDGFA,PDGFRB,0,0,1.2856841087341309,0,0,0,0,0,1.2303193807601929
PDGFB,PDGFRB,0,0,1.121325969696045,0,0,0,0,0,0
ANGPT2,PDGFRB,0,0,0,0,0,0,0,0,1.1007380485534668
ANGPT1,PDGFRB,0,0,0,0,0,0,0,0,1.4548395872116089
ANGPT4,PDGFRB,0,0,0,0,0,0,0,0,1.1886833906173706
BDNF,PDGFRB,0,0,0,0,0,0,0,0,1.3265788555145264
EREG,PDGFRB,0,0,1.505478858947754,0,0,1.1466825008392334,0,0,1.3316915035247803
VEGFD,PDGFRB,0,0,0,0,0,0,0,0,1.2631852626800537
FGF5,PDGFRB,0,0,0,0,0,0,0,0,0
FGF23,PDGFRB,0,0,0,0,0,0,0,0,0
PGF,PDGFRB,0,0,0,0,0,0,0,0,1.3824156522750854
MFGE8,PDGFRB,0,0,1.7160379886627197,0,0,1.1988331079483032,0,0,1.7092617750167847
CD80,CD28,0,0,0,0,0,0,0,0,0
IL2,CD28,0,0,0,0,0.20507976412773132,0,0,0,0
IL12A,CD28,0,0,0,0,0,0,0,0,0
CD8A,CD28,0,0,0,0,0.6258254051208496,0,0,0,0
CD80,CD3G,0,0,0,0,0,0,0,0,0
GZMA,F2R,0,0,0,0,0.3369738459587097,0.5768190622329712,0,0,0
PRSS2,F2R,0,0,0,0,0,0,0,0,0
IGF1,KIT,0,0,0,0,0,0,0,0.44587814807891846,0
EGF,KIT,0,0,0,0,0,0,0,0,0
NGF,KIT,0,0.4142538905143738,0,0,0.11661574244499207,0,0,0,0
CSF1,KIT,0,0,0,0,0,0,0,0.4634461998939514,0
HGF,KIT,0,0.04451641067862511,0,0,0,0,0,0.446056067943573,0
AREG,KIT,0,0.09427449107170105,0,0,0.10011344403028488,0,0,0,0
PDGFA,KIT,0,0.24593645334243774,0,0,0,0,0,0.19057168066501617,0
PDGFB,KIT,0,0.08157825469970703,0,0,0,0,0,0,0
ANGPT2,KIT,0,0,0,0,0,0,0,0.0609903484582901,0
ANGPT1,KIT,0,0,0,0,0,0,0,0.41509193181991577,0
ANGPT4,KIT,0,0,0,0,0,0,0,0.1489357054233551,0
BDNF,KIT,0,0,0,0,0,0,0,0.2868311405181885,0
EREG,KIT,0,0.4657312035560608,0,0,0.10693483799695969,0,0,0.29194384813308716,0
VEGFD,KIT,0,0,0,0,0,0,0,0.22343754768371582,0
FGF5,KIT,0,0,0,0,0,0,0,0,0
FGF23,KIT,0,0,0,0,0,0,0,0,0
PGF,KIT,0,0,0,0,0,0,0,0.34266793727874756,0
SAA1,CD36,0,0,0,0,0,0,0,0,0
THBS1,CD36,0,0,0,0,0,0,0,0,0
THBS2,CD36,0,0,0,0,0,0,0,0,0
S100A8,CD36,0,0,0,0,0,0,0,0,0
S100A9,CD36,0,0,0,0,0,0,0,0,0
THBS4,CD36,0,0,0,0,0,0,0,0,0
KIT,CSF2RB,0,0,0,0,0,0,0,0,0
CSF3,CSF2RB,0,0,0,0,0,0,0,0,0
CSF2,CSF2RB,0,0,0,0,0,0,0,0,0
IL5,CSF2RB,0,0,0,0,0,0,0,0,0
KDR,CSF2RB,0,0,0,0,0,0,0,0,0
TSLP,IL7R,0,0.07834978401660919,0,0,0,0,0,0,0
IL7,IL7R,0,0.3248661756515503,0,0,0,0,0,0,0
IL6,IL2RB,0,0,0,0,0,0,0,1.4730281829833984,0
IL2,IL2RB,0,0,0,0,0.2964673638343811,0,0,0,0
IL1RN,IL2RB,0,0.298790842294693,0,0,0,0,0,0,0
CD8A,IL2RB,0,0,0,0,0.7172130346298218,0,0,0,0
IGF1,KDR,0,0,0,0,0,0,0,0,0
IL6,KDR,0,0,0,0,0,0,0,0,0
EGF,KDR,0,0,0,0,0,0,0,0,0
NGF,KDR,0,0,0,0,0,0,0,0,0
CSF1,KDR,0,0,0,0,0,0,0,0,0
HGF,KDR,0,0,0,0,0,0,0,0,0
AREG,KDR,0,0,0,0,0,0,0,0,0
PDGFA,KDR,0,0,0,0,0,0,0,0,0
PDGFB,KDR,0,0,0,0,0,0,0,0,0
ANGPT2,KDR,0,0,0,0,0,0,0,0,0
ANGPT1,KDR,0,0,0,0,0,0,0,0,0
ANGPT4,KDR,0,0,0,0,0,0,0,0,0
FLT4,KDR,0,0,0,0,0,0,0,0,0
BDNF,KDR,0,0,0,0,0,0,0,0,0
EREG,KDR,0,0,0,0,0,0,0,0,0
VEGFD,KDR,0,0,0,0,0,0,0,0,0
PTHLH,KDR,0,0,0,0,0,0,0,0,0
VTN,KDR,0,0,0,0,0,0,0,0,0
FGF5,KDR,0,0,0,0,0,0,0,0,0
FGF23,KDR,0,0,0,0,0,0,0,0,0
PGF,KDR,0,0,0,0,0,0,0,0,0
GREM1,KDR,0,0,0,0,0,0,0,0,0
NRP1,KDR,0,0,0,0,0,0,0,0,0
MDK,PTPRZ1,0,0,0,0,0,0,0.38226741552352905,0,0
PTN,PTPRZ1,0.0342065691947937,0,0,0,0,0,0.34321439266204834,0,0
L1CAM,PTPRZ1,0,0,0,0,0,0,0,0,0
TNC,PTPRZ1,0.01685274951159954,0,0,0,0,0,0.21370366215705872,0,0
HGF,CD44,0.1755540668964386,0,0,0,0,0,0.5770937204360962,0,0
TNF,CD44,0.17787010967731476,0,0,0,0,0,0,0,0
HBEGF,CD44,1.059249758720398,0,0,0.37480026483535767,0,0,0,0,0
LGALS9,CD44,0.22578765451908112,0,0,0.23744164407253265,0,0,0.2854740619659424,0,0
VCAN,CD44,0,0,0,0,0,0,0.8226056098937988,0,0
LAMB1,CD44,0,0,0,0,0,0,0.8651766777038574,0,0
LAMA4,CD44,0,0,0,0,0,0,0.685490071773529,0,0
LAMC2,CD44,0.9484111070632935,0,0,0.20448698103427887,0,0,0,0,0
COL6A3,CD44,0,0,0,0,0,0,0.48650771379470825,0,0
LAMA3,CD44,1.1596285104751587,0,0,0.20268097519874573,0,0,0,0,0
LAMC3,CD44,0,0,0,0,0,0,0.8180053234100342,0,0
SPP1,CD44,0,0,0,0.344149112701416,0,0,0,0,0
LAMA2,CD44,0,0,0,0,0,0,1.3953416347503662,0,0
PRG4,CD44,0,0,0,0,0,0,0.2787931263446808,0,0
COL6A5,CD44,0,0,0,0,0,0,0.4944307804107666,0,0
COL6A6,CD44,0,0,0,0,0,0,0.41734448075294495,0,0
RELN,ITGB6,0,0,0,0,0,0,0.5686847567558289,0,0
VTN,ITGB6,0,0,0,0,0,0,1.0819652080535889,0,0
THBS1,ITGB6,1.077462077140808,0,0,0.6162038445472717,0,0,0.8655191659927368,0,0
THBS2,ITGB6,0,0,0,0,0,0,0.9048902988433838,0,0
VWF,ITGB6,0,0,0,0,0,0,0,0,0
LAMB1,ITGB6,0,0,0,0,0,0,1.2483141422271729,0,0
LAMA4,ITGB6,0,0,0,0,0,0,1.0686275959014893,0,0
LAMC2,ITGB6,1.3315485715866089,0,0,0.5876244306564331,0,0,0,0,0
TNC,ITGB6,0.5604506731033325,0,0,0,0,0,0.7573016285896301,0,0
COL6A3,ITGB6,0,0,0,0,0,0,0.8696451187133789,0,0
LAMA3,ITGB6,1.5427659749984741,0,0,0.5858184099197388,0,0,0,0,0
LAMC3,ITGB6,0,0,0,0,0,0,1.2011427879333496,0,0
SPP1,ITGB6,0,0,0,0.7272865772247314,0,0,0,0,0
LAMA2,ITGB6,0,0,0,0,0,0,1.7784790992736816,0,0
CHAD,ITGB6,0.5557360649108887,0,0,0,0,0,0,0,0
COL6A6,ITGB6,0,0,0,0,0,0,0.800481915473938,0,0
THBS4,ITGB6,0,0,0,0,0,0,0,0,0
IGF1,EPHB1,0,0,0,0,0,0,0,0,0
EGF,EPHB1,0,0,0,0,0,0,0,0,0
NGF,EPHB1,0,0,0,0,0,0,0,0,0
CSF1,EPHB1,0,0,0,0,0,0,0,0,0
HGF,EPHB1,0,0,0,0,0,0,0,0,0
AREG,EPHB1,0,0,0,0,0,0,0,0,0
PDGFA,EPHB1,0,0,0,0,0,0,0,0,0
PDGFB,EPHB1,0,0,0,0,0,0,0,0,0
EFNB3,EPHB1,0,0,0,0,0,0,0,0,0
ANGPT2,EPHB1,0,0,0,0,0,0,0,0,0
ANGPT1,EPHB1,0,0,0,0,0,0,0,0,0
ANGPT4,EPHB1,0,0,0,0,0,0,0,0,0
BDNF,EPHB1,0,0,0,0,0,0,0,0,0
EREG,EPHB1,0,0,0,0,0,0,0,0,0
VEGFD,EPHB1,0,0,0,0,0,0,0,0,0
FGF5,EPHB1,0,0,0,0,0,0,0,0,0
FGF23,EPHB1,0,0,0,0,0,0,0,0,0
PGF,EPHB1,0,0,0,0,0,0,0,0,0
IGF1,EPHA2,0,0,0,0,0,0,1.1460754871368408,0.45890986919403076,0
EGF,EPHA2,0,0,0,0,0,0,0,0,0
NGF,EPHA2,1.114451289176941,0.4272856116294861,0,0.8168131113052368,0.12964746356010437,0,0,0,0
CSF1,EPHA2,0,0,0,0,0,0,1.1636435985565186,0.4764779210090637,0
HGF,EPHA2,0.7447137832641602,0.05754813551902771,0,0,0,0,1.1462534666061401,0.4590878188610077,0
TNF,EPHA2,0.7470298409461975,0.05986418202519417,0,0,0,0,0,0,0
AREG,EPHA2,0.7944718599319458,0.10730621963739395,0,0.8003108501434326,0.11314517259597778,0,0,0,0
PDGFA,EPHA2,0.9461338520050049,0.25896817445755005,0,0,0,0,0.8907690644264221,0.20360340178012848,0
PDGFB,EPHA2,0.7817756533622742,0.09460998326539993,0,0,0,0,0,0,0
ANGPT2,EPHA2,0,0,0,0,0,0,0.761187732219696,0.074022077023983,0
ANGPT1,EPHA2,0,0,0,0,0,0,1.115289330482483,0.4281236529350281,0
ANGPT4,EPHA2,0,0,0,0,0,0,0.8491330742835999,0.1619674265384674,0
BDNF,EPHA2,0,0,0,0,0,0,0.9870285391807556,0.2998628616333008,0
EREG,EPHA2,1.165928602218628,0.4787629544734955,0,0.8071322441101074,0.11996656656265259,0,0.9921412467956543,0.30497559905052185,0
VEGFD,EPHA2,0,0,0,0,0,0,0.923634946346283,0.23646926879882812,0
FGF5,EPHA2,0,0,0,0,0,0,0,0,0
FGF23,EPHA2,0,0,0,0,0,0,0,0,0
PGF,EPHA2,0,0,0,0,0,0,1.04286527633667,0.35569968819618225,0
TLN1,ITGB5,0,0,0,0,0,0,0,0,0.2388274073600769
RELN,ITGB5,0,0,0,0,0,0,0,0,0.18937070667743683
VTN,ITGB5,0,0,0,0,0,0,0,0,0.7026512026786804
THBS1,ITGB5,0,0,0.6981480717658997,0,0,0.2368898093700409,0,0,0.48620516061782837
THBS2,ITGB5,0,0,0,0,0,0,0,0,0.5255762338638306
VWF,ITGB5,0,0,0,0,0,0,0,0,0
LAMB1,ITGB5,0,0,0,0,0,0,0,0,0.8690001368522644
LAMA4,ITGB5,0,0,0,0,0,0,0,0,0.689313530921936
LAMC2,ITGB5,0,0,0.9522345662117004,0,0,0.20831041038036346,0,0,0
TNC,ITGB5,0,0,0.18113668262958527,0,0,0,0,0,0.3779875934123993
COL6A3,ITGB5,0,0,0,0,0,0,0,0,0.49033111333847046
LAMA3,ITGB5,0,0,1.163451910018921,0,0,0.20650440454483032,0,0,0
LAMC3,ITGB5,0,0,0,0,0,0,0,0,0.8218287825584412
SPP1,ITGB5,0,0,0,0,0,0.347972571849823,0,0,0
CYR61,ITGB5,0,0,0.9046755433082581,0,0,0.3289152979850769,0,0,0.2381543666124344
LAMA2,ITGB5,0,0,0,0,0,0,0,0,1.3991650342941284
EDIL3,ITGB5,0,0,0,0,0,0,0,0,0
CHAD,ITGB5,0,0,0.17642204463481903,0,0,0,0,0,0
COL6A6,ITGB5,0,0,0,0,0,0,0,0,0.42116791009902954
THBS4,ITGB5,0,0,0,0,0,0,0,0,0
IGF1,FGFR1,0,0,0,0,0,0,0,0,1.6357450485229492
EGF,FGFR1,0,0,0,0,0,0,0,0,0
NGF,FGFR1,0,0,1.6041207313537598,0,0,1.3064826726913452,0,0,0
CSF1,FGFR1,0,0,0,0,0,0,0,0,1.6533130407333374
HGF,FGFR1,0,0,1.2343833446502686,0,0,0,0,0,1.635922908782959
AREG,FGFR1,0,0,1.2841414213180542,0,0,1.2899802923202515,0,0,0
PDGFA,FGFR1,0,0,1.4358032941818237,0,0,0,0,0,1.3804385662078857
PDGFB,FGFR1,0,0,1.2714451551437378,0,0,0,0,0,0
ANGPT2,FGFR1,0,0,0,0,0,0,0,0,1.2508572340011597
ANGPT1,FGFR1,0,0,0,0,0,0,0,0,1.6049587726593018
ANGPT4,FGFR1,0,0,0,0,0,0,0,0,1.3388025760650635
BDNF,FGFR1,0,0,0,0,0,0,0,0,1.4766980409622192
EREG,FGFR1,0,0,1.6555981636047363,0,0,1.2968016862869263,0,0,1.4818108081817627
VEGFD,FGFR1,0,0,0,0,0,0,0,0,1.4133044481277466
FGF5,FGFR1,0,0,0,0,0,0,0,0,0
FGF23,FGFR1,0,0,0,0,0,0,0,0,0
PGF,FGFR1,0,0,0,0,0,0,0,0,1.5325348377227783
IGF1,FGFR4,0,0,0,0,0,0,0,0,0.43234285712242126
EGF,FGFR4,0,0,0,0,0,0,0,0,0
NGF,FGFR4,0,0,0.4007185995578766,0,0,0.10308048129081726,0,0,0
CSF1,FGFR4,0,0,0,0,0,0,0,0,0.4499109089374542
HGF,FGFR4,0,0,0.030981143936514854,0,0,0,0,0,0.4325208067893982
AREG,FGFR4,0,0,0.08073922991752625,0,0,0.08657817542552948,0,0,0
PDGFA,FGFR4,0,0,0.23240119218826294,0,0,0,0,0,0.17703641951084137
PDGFB,FGFR4,0,0,0.06804299354553223,0,0,0,0,0,0
ANGPT2,FGFR4,0,0,0,0,0,0,0,0,0.047455087304115295
ANGPT1,FGFR4,0,0,0,0,0,0,0,0,0.4015566408634186
ANGPT4,FGFR4,0,0,0,0,0,0,0,0,0.1354004293680191
BDNF,FGFR4,0,0,0,0,0,0,0,0,0.27329587936401367
EREG,FGFR4,0,0,0.452195942401886,0,0,0.09339956939220428,0,0,0.27840858697891235
VEGFD,FGFR4,0,0,0,0,0,0,0,0,0.20990228652954102
FGF5,FGFR4,0,0,0,0,0,0,0,0,0
FGF23,FGFR4,0,0,0,0,0,0,0,0,0
PGF,FGFR4,0,0,0,0,0,0,0,0,0.32913267612457275
PDGFA,FURIN,0.25088244676589966,0,0,0,0,0,0.1955176740884781,0,0
IGF1,FLT4,0,0,0,0,0,0,0,0,0
EGF,FLT4,0,0,0,0,0,0,0,0,0
NGF,FLT4,0,0,0,0,0,0,0,0,0
CSF1,FLT4,0,0,0,0,0,0,0,0,0
HGF,FLT4,0,0,0,0,0,0,0,0,0
TNF,FLT4,0,0,0,0,0,0,0,0,0
AREG,FLT4,0,0,0,0,0,0,0,0,0
PDGFA,FLT4,0,0,0,0,0,0,0,0,0
PDGFB,FLT4,0,0,0,0,0,0,0,0,0
ANGPT2,FLT4,0,0,0,0,0,0,0,0,0
ANGPT1,FLT4,0,0,0,0,0,0,0,0,0
ANGPT4,FLT4,0,0,0,0,0,0,0,0,0
KDR,FLT4,0,0,0,0,0,0,0,0,0
BDNF,FLT4,0,0,0,0,0,0,0,0,0
EREG,FLT4,0,0,0,0,0,0,0,0,0
VEGFD,FLT4,0,0,0,0,0,0,0,0,0
VTN,FLT4,0,0,0,0,0,0,0,0,0
FGF5,FLT4,0,0,0,0,0,0,0,0,0
FGF23,FLT4,0,0,0,0,0,0,0,0,0
PGF,FLT4,0,0,0,0,0,0,0,0,0
IL6,NOTCH3,0,0,0,0,0,0,1.1988122463226318,0,1.9325754642486572
DLL4,NOTCH3,0,0,0,0,0,0,0,0,0
THBS2,NOTCH3,0,0,0,0,0,0,0.36903116106987,0,1.1027942895889282
DLK1,NOTCH3,0,0,0,0,0,0,0,0,0
SCGB3A1,NOTCH3,0,0,0,0,0,0,0,0,0
IGF1,TIE1,0,0,0,0,0,0,0,0,0
EGF,TIE1,0,0,0,0,0,0,0,0,0
NGF,TIE1,0,0,0,0,0,0,0,0,0
CSF1,TIE1,0,0,0,0,0,0,0,0,0
HGF,TIE1,0,0,0,0,0,0,0,0,0
AREG,TIE1,0,0,0,0,0,0,0,0,0
PDGFA,TIE1,0,0,0,0,0,0,0,0,0
PDGFB,TIE1,0,0,0,0,0,0,0,0,0
ANGPT2,TIE1,0,0,0,0,0,0,0,0,0
ANGPT1,TIE1,0,0,0,0,0,0,0,0,0
ANGPT4,TIE1,0,0,0,0,0,0,0,0,0
BDNF,TIE1,0,0,0,0,0,0,0,0,0
EREG,TIE1,0,0,0,0,0,0,0,0,0
VEGFD,TIE1,0,0,0,0,0,0,0,0,0
FGF5,TIE1,0,0,0,0,0,0,0,0,0
FGF23,TIE1,0,0,0,0,0,0,0,0,0
PGF,TIE1,0,0,0,0,0,0,0,0,0
ANGPTL4,TIE1,0,0,0,0,0,0,0,0,0
IGF1,AXL,0,0,0,0,0,0,0,0,0.8878978490829468
EGF,AXL,0,0,0,0,0,0,0,0,0
NGF,AXL,0,0,0.8562736511230469,0,0,0.5586354732513428,0,0,0
CSF1,AXL,0,0,0,0,0,0,0,0,0.9054659605026245
HGF,AXL,0,0,0.4865361452102661,0,0,0,0,0,0.8880758285522461
AREG,AXL,0,0,0.5362942218780518,0,0,0.5421332120895386,0,0,0
PDGFA,AXL,0,0,0.6879562139511108,0,0,0,0,0,0.6325914263725281
PDGFB,AXL,0,0,0.5235980153083801,0,0,0,0,0,0
ANGPT2,AXL,0,0,0,0,0,0,0,0,0.503010094165802
ANGPT1,AXL,0,0,0,0,0,0,0,0,0.8571116924285889
ANGPT4,AXL,0,0,0,0,0,0,0,0,0.5909554362297058
GAS6,AXL,0,0,0.49141624569892883,0,0,0,0,0,1.1065951585769653
BDNF,AXL,0,0,0,0,0,0,0,0,0.7288509011268616
EREG,AXL,0,0,0.9077509641647339,0,0,0.5489546060562134,0,0,0.7339636087417603
VEGFD,AXL,0,0,0,0,0,0,0,0,0.6654573082923889
FGF5,AXL,0,0,0,0,0,0,0,0,0
FGF23,AXL,0,0,0,0,0,0,0,0,0
PGF,AXL,0,0,0,0,0,0,0,0,0.7846876978874207
IGF1,EPHA7,0,0,0,0,0,0,0,0,0.5631791353225708
WNT5A,EPHA7,0,0,0,0,0,0,0,0,0.732851505279541
EGF,EPHA7,0,0,0,0,0,0,0,0,0
NGF,EPHA7,0,0,0.5315548777580261,0,0,0.2339167594909668,0,0,0
CSF1,EPHA7,0,0,0,0,0,0,0,0,0.5807471871376038
HGF,EPHA7,0,0,0.16181743144989014,0,0,0,0,0,0.5633571147918701
AREG,EPHA7,0,0,0.21157550811767578,0,0,0.2174144685268402,0,0,0
PDGFA,EPHA7,0,0,0.3632374703884125,0,0,0,0,0,0.3078727126121521
PDGFB,EPHA7,0,0,0.19887927174568176,0,0,0,0,0,0
ANGPT2,EPHA7,0,0,0,0,0,0,0,0,0.17829136550426483
ANGPT1,EPHA7,0,0,0,0,0,0,0,0,0.5323929190635681
ANGPT4,EPHA7,0,0,0,0,0,0,0,0,0.26623672246932983
BDNF,EPHA7,0,0,0,0,0,0,0,0,0.4041321575641632
AFDN,EPHA7,0,0,0.6292870044708252,0,0,0,0,0,0
EREG,EPHA7,0,0,0.5830322504043579,0,0,0.22423586249351501,0,0,0.4092448949813843
VEGFD,EPHA7,0,0,0,0,0,0,0,0,0.34073856472969055
FGF5,EPHA7,0,0,0,0,0,0,0,0,0
FGF23,EPHA7,0,0,0,0,0,0,0,0,0
PGF,EPHA7,0,0,0,0,0,0,0,0,0.4599689841270447
IGF1,EPHA5,0,0,0,0,0,0,0,0,0.5611943602561951
EGF,EPHA5,0,0,0,0,0,0,0,0,0
NGF,EPHA5,0,0,0.5295701026916504,0,0,0.23193198442459106,0,0,0
CSF1,EPHA5,0,0,0,0,0,0,0,0,0.578762412071228
HGF,EPHA5,0,0,0.1598326563835144,0,0,0,0,0,0.5613723397254944
AREG,EPHA5,0,0,0.20959073305130005,0,0,0.21542969346046448,0,0,0
PDGFA,EPHA5,0,0,0.36125269532203674,0,0,0,0,0,0.30588793754577637
PDGFB,EPHA5,0,0,0.19689449667930603,0,0,0,0,0,0
ANGPT2,EPHA5,0,0,0,0,0,0,0,0,0.1763065904378891
ANGPT1,EPHA5,0,0,0,0,0,0,0,0,0.5304081439971924
ANGPT4,EPHA5,0,0,0,0,0,0,0,0,0.2642519474029541
BDNF,EPHA5,0,0,0,0,0,0,0,0,0.4021473824977875
EREG,EPHA5,0,0,0.5810474753379822,0,0,0.22225108742713928,0,0,0.40726011991500854
VEGFD,EPHA5,0,0,0,0,0,0,0,0,0.3387537896633148
FGF5,EPHA5,0,0,0,0,0,0,0,0,0
FGF23,EPHA5,0,0,0,0,0,0,0,0,0
PGF,EPHA5,0,0,0,0,0,0,0,0,0.45798420906066895
IGF1,INSRR,0,0,0,0,0,0,0.41146862506866455,0,0.44019269943237305
EGF,INSRR,0,0,0,0,0,0,0,0,0
NGF,INSRR,0.3798443675041199,0,0.40856844186782837,0.08220624178647995,0,0.11093031615018845,0,0,0
CSF1,INSRR,0,0,0,0,0,0,0.4290366768836975,0,0.457760751247406
HGF,INSRR,0.01010691188275814,0,0.03883098438382149,0,0,0,0.4116465747356415,0,0.44037064909935
AREG,INSRR,0.05986499786376953,0,0.08858907222747803,0.06570394337177277,0,0.09442801773548126,0,0,0
PDGFA,INSRR,0.21152696013450623,0,0.24025103449821472,0,0,0,0.15616218745708466,0,0.18488624691963196
PDGFB,INSRR,0.04716876149177551,0,0.07589283585548401,0,0,0,0,0,0
ANGPT2,INSRR,0,0,0,0,0,0,0.026580851525068283,0,0.05530492216348648
ANGPT1,INSRR,0,0,0,0,0,0,0.38068240880966187,0,0.40940648317337036
ANGPT4,INSRR,0,0,0,0,0,0,0.11452619731426239,0,0.1432502716779709
BDNF,INSRR,0,0,0,0,0,0,0.25242164731025696,0,0.28114572167396545
EREG,INSRR,0.4313217103481293,0,0.46004578471183777,0.07252533733844757,0,0.10124941170215607,0.25753435492515564,0,0.28625842928886414
VEGFD,INSRR,0,0,0,0,0,0,0.1890280544757843,0,0.2177521288394928
FGF5,INSRR,0,0,0,0,0,0,0,0,0
FGF23,INSRR,0,0,0,0,0,0,0,0,0
PGF,INSRR,0,0,0,0,0,0,0.30825844407081604,0,0.33698251843452454
IGF1,PDGFRA,0,0,0,0,0,0,0,0,1.5558836460113525
EGF,PDGFRA,0,0,0,0,0,0,0,0,0
NGF,PDGFRA,0,0,1.524259328842163,0,0,1.2266212701797485,0,0,0
CSF1,PDGFRA,0,0,0,0,0,0,0,0,1.5734516382217407
HGF,PDGFRA,0,0,1.1545219421386719,0,0,0,0,0,1.5560615062713623
AREG,PDGFRA,0,0,1.2042800188064575,0,0,1.2101188898086548,0,0,0
PDGFA,PDGFRA,0,0,1.355941891670227,0,0,0,0,0,1.300577163696289
PDGFB,PDGFRA,0,0,1.1915837526321411,0,0,0,0,0,0
ANGPT2,PDGFRA,0,0,0,0,0,0,0,0,1.170995831489563
ANGPT1,PDGFRA,0,0,0,0,0,0,0,0,1.525097370147705
ANGPT4,PDGFRA,0,0,0,0,0,0,0,0,1.2589411735534668
BDNF,PDGFRA,0,0,0,0,0,0,0,0,1.3968366384506226
EREG,PDGFRA,0,0,1.5757367610931396,0,0,1.2169402837753296,0,0,1.401949405670166
VEGFD,PDGFRA,0,0,0,0,0,0,0,0,1.33344304561615
FGF5,PDGFRA,0,0,0,0,0,0,0,0,0
FGF23,PDGFRA,0,0,0,0,0,0,0,0,0
PGF,PDGFRA,0,0,0,0,0,0,0,0,1.4526734352111816
IGF1,CSF1R,0,0,0,0,0,0,0,0,0
EGF,CSF1R,0,0,0,0,0,0,0,0,0
NGF,CSF1R,0,0,0,0,0,0,0,0,0
CSF1,CSF1R,0,0,0,0,0,0,0,0,0
CSF3,CSF1R,0,0,0,0,0,0,0,0,0
CSF2,CSF1R,0,0,0,0,0,0,0,0,0
HGF,CSF1R,0,0,0,0,0,0,0,0,0
AREG,CSF1R,0,0,0,0,0,0,0,0,0
PDGFA,CSF1R,0,0,0,0,0,0,0,0,0
PDGFB,CSF1R,0,0,0,0,0,0,0,0,0
ANGPT2,CSF1R,0,0,0,0,0,0,0,0,0
ANGPT1,CSF1R,0,0,0,0,0,0,0,0,0
ANGPT4,CSF1R,0,0,0,0,0,0,0,0,0
BDNF,CSF1R,0,0,0,0,0,0,0,0,0
EREG,CSF1R,0,0,0,0,0,0,0,0,0
VEGFD,CSF1R,0,0,0,0,0,0,0,0,0
FGF5,CSF1R,0,0,0,0,0,0,0,0,0
FGF23,CSF1R,0,0,0,0,0,0,0,0,0
PGF,CSF1R,0,0,0,0,0,0,0,0,0
IGF1,DDR2,0,0,0,0,0,0,0,0,1.7524516582489014
EGF,DDR2,0,0,0,0,0,0,0,0,0
NGF,DDR2,0,0,1.720827341079712,0,0,1.4231892824172974,0,0,0
CSF1,DDR2,0,0,0,0,0,0,0,0,1.7700196504592896
HGF,DDR2,0,0,1.3510899543762207,0,0,0,0,0,1.7526295185089111
AREG,DDR2,0,0,1.4008480310440063,0,0,1.4066869020462036,0,0,0
PDGFA,DDR2,0,0,1.5525099039077759,0,0,0,0,0,1.497145175933838
PDGFB,DDR2,0,0,1.38815176486969,0,0,0,0,0,0
ANGPT2,DDR2,0,0,0,0,0,0,0,0,1.3675638437271118
ANGPT1,DDR2,0,0,0,0,0,0,0,0,1.721665382385254
ANGPT4,DDR2,0,0,0,0,0,0,0,0,1.4555091857910156
BDNF,DDR2,0,0,0,0,0,0,0,0,1.5934046506881714
EREG,DDR2,0,0,1.7723047733306885,0,0,1.4135082960128784,0,0,1.5985174179077148
VEGFD,DDR2,0,0,0,0,0,0,0,0,1.5300110578536987
FGF5,DDR2,0,0,0,0,0,0,0,0,0
FGF23,DDR2,0,0,0,0,0,0,0,0,0
PGF,DDR2,0,0,0,0,0,0,0,0,1.6492414474487305
IGF1,RET,0,0,0,0,0,0,0,0,0
EGF,RET,0,0,0,0,0,0,0,0,0
NGF,RET,0,0,0,0,0,0,0,0,0
CSF1,RET,0,0,0,0,0,0,0,0,0
HGF,RET,0,0,0,0,0,0,0,0,0
AREG,RET,0,0,0,0,0,0,0,0,0
PDGFA,RET,0,0,0,0,0,0,0,0,0
PDGFB,RET,0,0,0,0,0,0,0,0,0
ANGPT2,RET,0,0,0,0,0,0,0,0,0
ANGPT1,RET,0,0,0,0,0,0,0,0,0
ANGPT4,RET,0,0,0,0,0,0,0,0,0
GDNF,RET,0,0,0,0,0,0,0,0,0
BDNF,RET,0,0,0,0,0,0,0,0,0
AGT,RET,0,0,0,0,0,0,0,0,0
EREG,RET,0,0,0,0,0,0,0,0,0
VEGFD,RET,0,0,0,0,0,0,0,0,0
GDF15,RET,0,0,0,0,0,0,0,0,0
FGFR4,RET,0,0,0,0,0,0,0,0,0
FGF5,RET,0,0,0,0,0,0,0,0,0
FGF23,RET,0,0,0,0,0,0,0,0,0
PGF,RET,0,0,0,0,0,0,0,0,0
LGALS1,RET,0,0,0,0,0,0,0,0,0
IGF1,FLT1,0,0,0,0,0,0,0,0,0
EGF,FLT1,0,0,0,0,0,0,0,0,0
NGF,FLT1,0,0,0,0,0,0,0,0,0
CSF1,FLT1,0,0,0,0,0,0,0,0,0
CSF2,FLT1,0,0,0,0,0,0,0,0,0
HGF,FLT1,0,0,0,0,0,0,0,0,0
AREG,FLT1,0,0,0,0,0,0,0,0,0
PDGFA,FLT1,0,0,0,0,0,0,0,0,0
PDGFB,FLT1,0,0,0,0,0,0,0,0,0
ANGPT2,FLT1,0,0,0,0,0,0,0,0,0
ANGPT1,FLT1,0,0,0,0,0,0,0,0,0
ANGPT4,FLT1,0,0,0,0,0,0,0,0,0
KDR,FLT1,0,0,0,0,0,0,0,0,0
FLT4,FLT1,0,0,0,0,0,0,0,0,0
BDNF,FLT1,0,0,0,0,0,0,0,0,0
EREG,FLT1,0,0,0,0,0,0,0,0,0
VEGFD,FLT1,0,0,0,0,0,0,0,0,0
FGF5,FLT1,0,0,0,0,0,0,0,0,0
FGF23,FLT1,0,0,0,0,0,0,0,0,0
PGF,FLT1,0,0,0,0,0,0,0,0,0
TNF,TRPM2,0,0,0,0,0,0,0,0,0
EGF,HSP90AB1,0,0,0,0,0,0,0,0,0
IL4,LGALS3,0,0,0,0.5125787258148193,0.3524966835975647,0,0,0,0
MUC1,LGALS3,0.5230584740638733,0.36297643184661865,0,0.5224901437759399,0.3624080717563629,0,0,0,0
CSF2,LGALS3,0,0,0,0,0,0,0,0,0
TNF,NR3C1,0,0.09038849174976349,0,0,0,0,0,0,0
RLN1,NR3C1,0,0,0,0,0,0,0,0.17904195189476013,0
GC,NR3C1,0,0,0,0,0,0,0,0,0
HGF,THBS1,0.5288009643554688,0.06754271686077118,0.31685808300971985,0,0,0,0.9303406476974487,0.46908238530158997,0.7183977365493774
IL18,THBS1,0,0,0,0,0,0,0,0,0
VWF,THBS1,0,0,0,0,0,0,0,0,0
IGF1,ITGAV,0,0,0,0,0,0,0.9637342691421509,0.42326080799102783,0.5605136156082153
NRG1,ITGAV,0.6366560459136963,0.09618254750967026,0.23343530297279358,0,0,0,0.6661779284477234,0.12570446729660034,0.26295721530914307
PTN,ITGAV,0.5814855694770813,0.04101210832595825,0.17826487123966217,0,0,0,0.8904933929443359,0.3500199317932129,0.487272709608078
L1CAM,ITGAV,0,0,0,0,0,0,0,0,0
VTN,ITGAV,0,0,0,0,0,0,1.0856462717056274,0.5451728105545044,0.6824255585670471
THBS1,ITGAV,1.0811431407928467,0.5406696796417236,0.6779224276542664,0.6198849081993103,0.07941140979528427,0.2166641652584076,0.8692002296447754,0.32872676849365234,0.46597954630851746
THBS2,ITGAV,0,0,0,0,0,0,0.9085713624954224,0.36809784173965454,0.5053505897521973
CTGF,ITGAV,0.6108007431030273,0.0703272819519043,0.20758004486560822,0.564211905002594,0.023738417774438858,0.16099117696285248,0.8872794508934021,0.34680598974227905,0.4840587377548218
VWF,ITGAV,0,0,0,0,0,0,0,0,0
PECAM1,ITGAV,0,0,0,0,0,0,0,0,0
TNC,ITGAV,0.5641317367553711,0.02365828864276409,0.16091105341911316,0,0,0,0.7609826922416687,0.22050920128822327,0.3577619791030884
MFGE8,ITGAV,1.1941463947296143,0.6536729335784912,0.7909256815910339,0.6769415736198425,0.1364680826663971,0.2737208604812622,1.1873703002929688,0.6468967795372009,0.7841495275497437
ANGPTL4,ITGAV,0,0,0,0,0,0,0.7288796901702881,0.18840621411800385,0.32565897703170776
DMP1,ITGAV,0,0,0,0,0,0,0,0,0
ICAM4,ITGAV,0.5603299140930176,0.019856436178088188,0.15710920095443726,0,0,0,0.5871331691741943,0.0466596819460392,0.18391244113445282
SPP1,ITGAV,0,0,0,0.73096764087677,0.19049416482448578,0.3277469277381897,0,0,0
CYR61,ITGAV,1.287670612335205,0.747197151184082,0.8844498991966248,0.7119103670120239,0.17143692076206207,0.308689683675766,0.6211494207382202,0.08067597448825836,0.21792873740196228
EDIL3,ITGAV,0,0,0,0,0,0,0,0,0
POSTN,ITGAV,0,0,0,0,0,0,0.6223177909851074,0.08184433728456497,0.2190971076488495
THBS4,ITGAV,0,0,0,0,0,0,0,0,0
CCL2,CCR2,0,0,0,0,0,0,0,0,0
CXCL9,CCR2,0,0,0,0,0,0,0,0,0
CCL5,CCR2,0,0,0,0,0,0,0,0,0
CCL8,CCR2,0,0,0,0,0,0,0,0,0
CCL4,CCR2,0,0,0,0,0,0,0,0,0
CD40LG,CCR2,0,0,0,0,0,0,0,0,0
CXCL10,CCR2,0,0,0,0,0,0,0,0,0
CXCL12,CCR2,0,0,0,0,0,0,0,0,0
CCL3,CCR2,0,0,0,0,0,0,0,0,0
CCL7,CCR2,0,0,0,0,0,0,0,0,0
CCL11,CCR2,0,0,0,0,0,0,0,0,0
CCL24,CCR2,0,0,0,0,0,0,0,0,0
CCL17,CCR2,0,0,0,0,0,0,0,0,0
CCL22,CCR2,0,0,0,0,0,0,0,0,0
CCL20,CCR2,0,0,0,0,0,0,0,0,0
CCL1,CCR2,0,0,0,0,0,0,0,0,0
CXCL1,CCR2,0,0,0,0,0,0,0,0,0
CXCL2,CCR2,0,0,0,0,0,0,0,0,0
CXCL3,CCR2,0,0,0,0,0,0,0,0,0
CXCL5,CCR2,0,0,0,0,0,0,0,0,0
PPBP,CCR2,0,0,0,0,0,0,0,0,0
CXCL13,CCR2,0,0,0,0,0,0,0,0,0
XCL1,CCR2,0,0,0,0,0,0,0,0,0
PF4,CCR2,0,0,0,0,0,0,0,0,0
CXCL14,CCR2,0,0,0,0,0,0,0,0,0
CYTL1,CCR2,0,0,0,0,0,0,0,0,0
MSMP,CCR2,0,0,0,0,0,0,0,0,0
CCL2,CCR3,0,0,0,0,0,0,0,0,0
CXCL9,CCR3,0,0,0,0,0,0,0,0,0
CCL5,CCR3,0,0,0,0,0,0,0,0,0
CCL8,CCR3,0,0,0,0,0,0,0,0,0
CCL4,CCR3,0,0,0,0,0,0,0,0,0
IL4,CCR3,0,0,0,0,0,0,0,0,0
CXCL10,CCR3,0,0,0,0,0,0,0,0,0
IL2,CCR3,0,0,0,0,0,0,0,0,0
CXCL12,CCR3,0,0,0,0,0,0,0,0,0
CCL3,CCR3,0,0,0,0,0,0,0,0,0
CCL7,CCR3,0,0,0,0,0,0,0,0,0
CCL11,CCR3,0,0,0,0,0,0,0,0,0
CCL24,CCR3,0,0,0,0,0,0,0,0,0
CCL17,CCR3,0,0,0,0,0,0,0,0,0
CCL22,CCR3,0,0,0,0,0,0,0,0,0
CCL20,CCR3,0,0,0,0,0,0,0,0,0
CCL1,CCR3,0,0,0,0,0,0,0,0,0
CXCL1,CCR3,0,0,0,0,0,0,0,0,0
CXCL2,CCR3,0,0,0,0,0,0,0,0,0
CXCL3,CCR3,0,0,0,0,0,0,0,0,0
CXCL5,CCR3,0,0,0,0,0,0,0,0,0
PPBP,CCR3,0,0,0,0,0,0,0,0,0
CXCL13,CCR3,0,0,0,0,0,0,0,0,0
XCL1,CCR3,0,0,0,0,0,0,0,0,0
PF4,CCR3,0,0,0,0,0,0,0,0,0
CXCL14,CCR3,0,0,0,0,0,0,0,0,0
CCL2,CCR5,0,0,0,0,0,0,0,0.36747831106185913,0
CXCL9,CCR5,0,0,0,0,0.22427129745483398,0,0,0.8016313314437866,0
CCL5,CCR5,0,0,0,0,0.7069860100746155,0,0,0,0
CCL8,CCR5,0,0,0,0,0.14268694818019867,0,0,0.1223440170288086,0
CCL4,CCR5,0,0,0,0,0,0,0,0,0
CXCL10,CCR5,0,0,0,0,0.14175628125667572,0,0,0.9779980182647705,0
IL2,CCR5,0,0,0,0,0.10347086191177368,0,0,0,0
IL12A,CCR5,0,0,0,0,0,0,0,0,0
CXCL12,CCR5,0,0,0,0,0,0,0,0.6378107666969299,0
CCL3,CCR5,0,0,0,0,0,0,0,0,0
CCL7,CCR5,0,0,0,0,0,0,0,0.48261457681655884,0
CCL11,CCR5,0,0,0,0,0,0,0,0.4747028350830078,0
CCL24,CCR5,0,0,0,0,0,0,0,0,0
CCL17,CCR5,0,0,0,0,0.1966671496629715,0,0,0,0
CCL22,CCR5,0,0,0,0,0.1695186197757721,0,0,0,0
CCL20,CCR5,0,0,0,0,0,0,0,0,0
CCL1,CCR5,0,0,0,0,0.14739809930324554,0,0,0,0
CXCL1,CCR5,0,0.10108465701341629,0,0,0,0,0,0.5355721712112427,0
CXCL2,CCR5,0,0,0,0,0,0,0,0,0
CXCL3,CCR5,0,0,0,0,0,0,0,0,0
CXCL5,CCR5,0,0,0,0,0.18821001052856445,0,0,0,0
PPBP,CCR5,0,0.10402177274227142,0,0,0.19694603979587555,0,0,0,0
CXCL13,CCR5,0,0.10343977063894272,0,0,0.10711739212274551,0,0,0.1219644546508789,0
IL12B,CCR5,0,0,0,0,0.17599183320999146,0,0,0,0
IL18,CCR5,0,0,0,0,0,0,0,0,0
XCL1,CCR5,0,0,0,0,0.47817176580429077,0,0,0,0
ORM1,CCR5,0,0.29855117201805115,0,0,0.10243596881628036,0,0,0,0
PF4,CCR5,0,0,0,0,0,0,0,0,0
CXCL14,CCR5,0,0,0,0,0,0,0,1.0871423482894897,0
S100A4,CCR5,0,0,0,0,0.464640736579895,0,0,0,0
CCL2,CCR1,0,0,0,0,0,0,0,0,0
IL10,CCR1,0,0,0,0,0,0,0,0,0
CXCL9,CCR1,0,0,0,0,0,0,0,0,0
CCL5,CCR1,0,0,0,0,0,0,0,0,0
CCL8,CCR1,0,0,0,0,0,0,0,0,0
CCL4,CCR1,0,0,0,0,0,0,0,0,0
CXCL10,CCR1,0,0,0,0,0,0,0,0,0
CSF2,CCR1,0,0,0,0,0,0,0,0,0
CXCL12,CCR1,0,0,0,0,0,0,0,0,0
CCL3,CCR1,0,0,0,0,0,0,0,0,0
CCL7,CCR1,0,0,0,0,0,0,0,0,0
CCL11,CCR1,0,0,0,0,0,0,0,0,0
CCL24,CCR1,0,0,0,0,0,0,0,0,0
CCL17,CCR1,0,0,0,0,0,0,0,0,0
CCL22,CCR1,0,0,0,0,0,0,0,0,0
CCL20,CCR1,0,0,0,0,0,0,0,0,0
CCL1,CCR1,0,0,0,0,0,0,0,0,0
CXCL1,CCR1,0,0,0,0,0,0,0,0,0
CXCL2,CCR1,0,0,0,0,0,0,0,0,0
CXCL3,CCR1,0,0,0,0,0,0,0,0,0
CXCL5,CCR1,0,0,0,0,0,0,0,0,0
PPBP,CCR1,0,0,0,0,0,0,0,0,0
CXCL13,CCR1,0,0,0,0,0,0,0,0,0
XCL1,CCR1,0,0,0,0,0,0,0,0,0
PF4,CCR1,0,0,0,0,0,0,0,0,0
CXCL14,CCR1,0,0,0,0,0,0,0,0,0
CCL2,ACKR1,0,0,0,0,0,0,0,0,0
CXCL9,ACKR1,0,0,0,0,0,0,0,0,0
CCL5,ACKR1,0,0,0,0,0,0,0,0,0
CCL8,ACKR1,0,0,0,0,0,0,0,0,0
CXCL10,ACKR1,0,0,0,0,0,0,0,0,0
CCL7,ACKR1,0,0,0,0,0,0,0,0,0
CCL11,ACKR1,0,0,0,0,0,0,0,0,0
CCL17,ACKR1,0,0,0,0,0,0,0,0,0
CCL22,ACKR1,0,0,0,0,0,0,0,0,0
CCL1,ACKR1,0,0,0,0,0,0,0,0,0
CXCL1,ACKR1,0,0,0,0,0,0,0,0,0
CXCL2,ACKR1,0,0,0,0,0,0,0,0,0
CXCL3,ACKR1,0,0,0,0,0,0,0,0,0
CXCL5,ACKR1,0,0,0,0,0,0,0,0,0
PPBP,ACKR1,0,0,0,0,0,0,0,0,0
CXCL13,ACKR1,0,0,0,0,0,0,0,0,0
PF4,ACKR1,0,0,0,0,0,0,0,0,0
CCL2,ACKR2,0,0,0,0,0,0,0,0,0
CCL5,ACKR2,0,0,0,0,0,0,0,0,0
CCL8,ACKR2,0,0,0,0,0,0,0,0,0
CCL4,ACKR2,0,0,0,0,0,0,0,0,0
CCL3,ACKR2,0,0,0,0,0,0,0,0,0
CCL7,ACKR2,0,0,0,0,0,0,0,0,0
CCL11,ACKR2,0,0,0,0,0,0,0,0,0
CCL24,ACKR2,0,0,0,0,0,0,0,0,0
CCL17,ACKR2,0,0,0,0,0,0,0,0,0
CCL22,ACKR2,0,0,0,0,0,0,0,0,0
CCL2,CXCR1,0,0,0,0,0,0,0,0,0
CXCL9,CXCR1,0,0,0,0,0,0,0,0,0
CCL5,CXCR1,0,0,0,0,0,0,0,0,0
CCL8,CXCR1,0,0,0,0,0,0,0,0,0
CCL4,CXCR1,0,0,0,0,0,0,0,0,0
CXCL10,CXCR1,0,0,0,0,0,0,0,0,0
CXCL12,CXCR1,0,0,0,0,0,0,0,0,0
CCL3,CXCR1,0,0,0,0,0,0,0,0,0
CCL7,CXCR1,0,0,0,0,0,0,0,0,0
CCL11,CXCR1,0,0,0,0,0,0,0,0,0
CCL24,CXCR1,0,0,0,0,0,0,0,0,0
CCL17,CXCR1,0,0,0,0,0,0,0,0,0
CCL22,CXCR1,0,0,0,0,0,0,0,0,0
CCL20,CXCR1,0,0,0,0,0,0,0,0,0
CCL1,CXCR1,0,0,0,0,0,0,0,0,0
CXCL1,CXCR1,0,0,0,0,0,0,0,0,0
CXCL2,CXCR1,0,0,0,0,0,0,0,0,0
CXCL3,CXCR1,0,0,0,0,0,0,0,0,0
CXCL5,CXCR1,0,0,0,0,0,0,0,0,0
PPBP,CXCR1,0,0,0,0,0,0,0,0,0
CXCL13,CXCR1,0,0,0,0,0,0,0,0,0
XCL1,CXCR1,0,0,0,0,0,0,0,0,0
PF4,CXCR1,0,0,0,0,0,0,0,0,0
CXCL14,CXCR1,0,0,0,0,0,0,0,0,0
CCL2,TNF,0,0,0,0,0,0,0.27577292919158936,0,0
IFNG,TNF,0,0,0,0.1429787129163742,0,0,0,0,0
CSF1,TNF,0,0,0,0,0,0,0.43127623200416565,0,0
CSF3,TNF,0.4148479998111725,0,0,0.0995025634765625,0,0,0,0,0
CSF2,TNF,0,0,0,0,0,0,0,0,0
HGF,TNF,0.012346457690000534,0,0,0,0,0,0.4138861298561096,0,0
ANGPT1,TNF,0,0,0,0,0,0,0.38292196393013,0,0
IL12B,TNF,0,0,0,0.08428646624088287,0,0,0,0,0
IL17A,TNF,0,0,0,0.13715310394763947,0,0,0,0,0
ADIPOQ,TNF,0,0,0,0,0,0,0,0,0
S100B,TNF,0,0,0,0,0,0,0,0,0
STC1,TNF,0,0,0,0,0,0,0.11667287349700928,0,0
CCL2,CXCR6,0,0,0,0,0,0,0,0.5416642427444458,0
CXCL9,CXCR6,0,0,0,0,0.39845728874206543,0,0,0.9758173227310181,0
CCL5,CXCR6,0,0,0,0,0.8811719417572021,0,0,0,0
CCL8,CXCR6,0,0,0,0,0.3168729245662689,0,0,0.29653000831604004,0
CCL4,CXCR6,0,0,0,0,0,0,0,0,0
CXCL10,CXCR6,0,0,0,0,0.31594225764274597,0,0,1.152184009552002,0
CXCL12,CXCR6,0,0,0,0,0,0,0,0.8119966983795166,0
CCL3,CXCR6,0,0,0,0,0,0,0,0,0
CCL7,CXCR6,0,0,0,0,0,0,0,0.6568005084991455,0
CCL11,CXCR6,0,0,0,0,0,0,0,0.6488888263702393,0
CCL24,CXCR6,0,0,0,0,0,0,0,0,0
CCL17,CXCR6,0,0,0,0,0.37085312604904175,0,0,0,0
CCL22,CXCR6,0,0,0,0,0.34370458126068115,0,0,0,0
CCL20,CXCR6,0,0,0,0,0,0,0,0,0
CCL1,CXCR6,0,0,0,0,0.3215840756893158,0,0,0,0
CXCL1,CXCR6,0,0.27527064085006714,0,0,0,0,0,0.7097581624984741,0
CXCL2,CXCR6,0,0,0,0,0,0,0,0,0
CXCL3,CXCR6,0,0,0,0,0,0,0,0,0
CXCL5,CXCR6,0,0,0,0,0.3623960018157959,0,0,0,0
PPBP,CXCR6,0,0.2782077491283417,0,0,0.3711320161819458,0,0,0,0
CXCL13,CXCR6,0,0.2776257395744324,0,0,0.28130337595939636,0,0,0.29615044593811035,0
XCL1,CXCR6,0,0,0,0,0.6523577570915222,0,0,0,0
PF4,CXCR6,0,0,0,0,0,0,0,0,0
CXCL14,CXCR6,0,0,0,0,0,0,0,1.2613283395767212,0
CCL2,F3,0,0,0,0,0,0,1.1475067138671875,0.509876012802124,0
IL10,F3,0,0,0,0,0,0,0,0,0
IL6,F3,0,0,0,0,0,0,2.0600600242614746,1.4224294424057007,0
CD40LG,F3,0,0,0,0.8864647150039673,0.2488340586423874,0,0,0,0
HGF,F3,0.8840802311897278,0.2464495748281479,0,0,0,0,1.2856199741363525,0.6479892730712891,0
TNF,F3,0.8863962888717651,0.24876561760902405,0,0,0,0,0,0,0
OSM,F3,0,0,0,0,0,0,0,0,0
SAA1,F3,0,0,0,0,0,0,0,0,0
SST,F3,0,0,0,0,0,0,0.9258995056152344,0.2882688045501709,0
ADIPOQ,F3,0,0,0,0,0,0,0,0,0
ORM1,F3,1.0785795450210571,0.4409489035606384,0,0.8824644088745117,0.24483370780944824,0,0,0,0
CCL2,CCR6,0,0,0,0,0,0,0,0,0
IFNG,CCR6,0,0,0,0,0,0,0,0,0
CXCL9,CCR6,0,0,0,0,0,0,0,0,0
CCL5,CCR6,0,0,0,0,0,0,0,0,0
CCL8,CCR6,0,0,0,0,0,0,0,0,0
CCL4,CCR6,0,0,0,0,0,0,0,0,0
CXCL10,CCR6,0,0,0,0,0,0,0,0,0
CXCL12,CCR6,0,0,0,0,0,0,0,0,0
CCL3,CCR6,0,0,0,0,0,0,0,0,0
CCL7,CCR6,0,0,0,0,0,0,0,0,0
CCL11,CCR6,0,0,0,0,0,0,0,0,0
CCL24,CCR6,0,0,0,0,0,0,0,0,0
CCL17,CCR6,0,0,0,0,0,0,0,0,0
CCL22,CCR6,0,0,0,0,0,0,0,0,0
CCL20,CCR6,0,0,0,0,0,0,0,0,0
CCL1,CCR6,0,0,0,0,0,0,0,0,0
CXCL1,CCR6,0,0,0,0,0,0,0,0,0
CXCL2,CCR6,0,0,0,0,0,0,0,0,0
CXCL3,CCR6,0,0,0,0,0,0,0,0,0
CXCL5,CCR6,0,0,0,0,0,0,0,0,0
PPBP,CCR6,0,0,0,0,0,0,0,0,0
CXCL13,CCR6,0,0,0,0,0,0,0,0,0
XCL1,CCR6,0,0,0,0,0,0,0,0,0
PF4,CCR6,0,0,0,0,0,0,0,0,0
DEFB1,CCR6,0,0,0,0,0,0,0,0,0
CXCL14,CCR6,0,0,0,0,0,0,0,0,0
CCL2,CXCR4,0,0,0,0,0,0,0,0.2992170751094818,0
KIT,CXCR4,0,0,0,0,0.07027658820152283,0,0,0,0
CXCL9,CXCR4,0,0,0,0,0.15601006150245667,0,0,0.7333700656890869,0
CCL5,CXCR4,0,0,0,0,0.6387247443199158,0,0,0,0
CCL8,CXCR4,0,0,0,0,0.07442571967840195,0,0,0.05408278852701187,0
IL4,CXCR4,0,0,0,0,0.03276165947318077,0,0,0,0
CXCL10,CXCR4,0,0,0,0,0.0734950453042984,0,0,0.9097367525100708,0
CXCL12,CXCR4,0,0,0,0,0,0,0,0.5695495009422302,0
AGT,CXCR4,0,0,0,0,0,0,0,0.21093341708183289,0
CCL3,CXCR4,0,0,0,0,0,0,0,0,0
CCL7,CXCR4,0,0,0,0,0,0,0,0.4143533408641815,0
CCL24,CXCR4,0,0,0,0,0,0,0,0,0
CCL17,CXCR4,0,0,0,0,0.12840591371059418,0,0,0,0
CCL22,CXCR4,0,0,0,0,0.10125738382339478,0,0,0,0
CCL20,CXCR4,0,0,0,0,0,0,0,0,0
CCL1,CXCR4,0,0,0,0,0.07913686335086823,0,0,0,0
CXCL1,CXCR4,0,0.03282342106103897,0,0,0,0,0,0.46731096506118774,0
CXCL2,CXCR4,0,0,0,0,0,0,0,0,0
CXCL3,CXCR4,0,0,0,0,0,0,0,0,0
CXCL5,CXCR4,0,0,0,0,0.11994878947734833,0,0,0,0
PPBP,CXCR4,0,0.0357605405151844,0,0,0.12868480384349823,0,0,0,0
CXCL13,CXCR4,0,0.0351785384118557,0,0,0.03885616362094879,0,0,0.053703226149082184,0
XCL1,CXCR4,0,0,0,0,0.40991055965423584,0,0,0,0
TFF2,CXCR4,0,0,0,0,0,0,0,0,0
PF4,CXCR4,0,0,0,0,0,0,0,0,0
CXCL14,CXCR4,0,0,0,0,0,0,0,1.01888108253479,0
TFF3,CXCR4,0,0,0,0,0,0,0,0,0
CCL2,CX3CR1,0,0,0,0,0,0,0,0,0
CXCL9,CX3CR1,0,0,0,0,0,0,0,0,0
CCL5,CX3CR1,0,0,0,0,0,0,0,0,0
CCL8,CX3CR1,0,0,0,0,0,0,0,0,0
CCL4,CX3CR1,0,0,0,0,0,0,0,0,0
CXCL10,CX3CR1,0,0,0,0,0,0,0,0,0
CXCL12,CX3CR1,0,0,0,0,0,0,0,0,0
CCL3,CX3CR1,0,0,0,0,0,0,0,0,0
CCL7,CX3CR1,0,0,0,0,0,0,0,0,0
CCL11,CX3CR1,0,0,0,0,0,0,0,0,0
CCL24,CX3CR1,0,0,0,0,0,0,0,0,0
CCL17,CX3CR1,0,0,0,0,0,0,0,0,0
CCL22,CX3CR1,0,0,0,0,0,0,0,0,0
CCL20,CX3CR1,0,0,0,0,0,0,0,0,0
CCL1,CX3CR1,0,0,0,0,0,0,0,0,0
CXCL1,CX3CR1,0,0,0,0,0,0,0,0,0
CXCL2,CX3CR1,0,0,0,0,0,0,0,0,0
CXCL3,CX3CR1,0,0,0,0,0,0,0,0,0
CXCL5,CX3CR1,0,0,0,0,0,0,0,0,0
PPBP,CX3CR1,0,0,0,0,0,0,0,0,0
CXCL13,CX3CR1,0,0,0,0,0,0,0,0,0
XCL1,CX3CR1,0,0,0,0,0,0,0,0,0
PF4,CX3CR1,0,0,0,0,0,0,0,0,0
CXCL14,CX3CR1,0,0,0,0,0,0,0,0,0
CCL2,CCR7,0,0,0,0,0,0,0,0.356452077627182,0
CXCL9,CCR7,0,0,0,0,0.21324507892131805,0,0,0.7906050682067871,0
CCL5,CCR7,0,0,0,0,0.6959598064422607,0,0,0,0
CCL8,CCR7,0,0,0,0,0.13166072964668274,0,0,0.11131779849529266,0
CCL4,CCR7,0,0,0,0,0,0,0,0,0
IL6,CCR7,0,0,0,0,0,0,0,1.269005537033081,0
CXCL10,CCR7,0,0,0,0,0.1307300627231598,0,0,0.966971755027771,0
CXCL12,CCR7,0,0,0,0,0,0,0,0.6267845630645752,0
CCL3,CCR7,0,0,0,0,0,0,0,0,0
CCL7,CCR7,0,0,0,0,0,0,0,0.4715883433818817,0
CCL11,CCR7,0,0,0,0,0,0,0,0.4636766314506531,0
CCL24,CCR7,0,0,0,0,0,0,0,0,0
CCL17,CCR7,0,0,0,0,0.18564093112945557,0,0,0,0
CCL22,CCR7,0,0,0,0,0.15849238634109497,0,0,0,0
CCL20,CCR7,0,0,0,0,0,0,0,0,0
CCL1,CCR7,0,0,0,0,0.13637188076972961,0,0,0,0
CXCL1,CCR7,0,0.09005843847990036,0,0,0,0,0,0.5245459675788879,0
CXCL2,CCR7,0,0,0,0,0,0,0,0,0
CXCL3,CCR7,0,0,0,0,0,0,0,0,0
CXCL5,CCR7,0,0,0,0,0.17718380689620972,0,0,0,0
PPBP,CCR7,0,0.0929955542087555,0,0,0.18591982126235962,0,0,0,0
CXCL13,CCR7,0,0.09241355210542679,0,0,0.09609117358922958,0,0,0.11093823611736298,0
XCL1,CCR7,0,0,0,0,0.46714556217193604,0,0,0,0
PF4,CCR7,0,0,0,0,0,0,0,0,0
CXCL14,CCR7,0,0,0,0,0,0,0,1.0761160850524902,0
CCL2,XCR1,0,0,0,0,0,0,0,0.2686483860015869,0
CXCL9,XCR1,0,0,0,0,0.12544138729572296,0,0,0.7028014063835144,0
CCL5,XCR1,0,0,0,0,0.6081560850143433,0,0,0,0
CCL8,XCR1,0,0,0,0,0.04385703429579735,0,0,0.023514101281762123,0
CCL4,XCR1,0,0,0,0,0,0,0,0,0
CXCL10,XCR1,0,0,0,0,0.0429263636469841,0,0,0.8791680932044983,0
CXCL12,XCR1,0,0,0,0,0,0,0,0.5389808416366577,0
CCL3,XCR1,0,0,0,0,0,0,0,0,0
CCL7,XCR1,0,0,0,0,0,0,0,0.3837846517562866,0
CCL11,XCR1,0,0,0,0,0,0,0,0.375872939825058,0
CCL24,XCR1,0,0,0,0,0,0,0,0,0
CCL17,XCR1,0,0,0,0,0.09783723205327988,0,0,0,0
CCL22,XCR1,0,0,0,0,0.07068869471549988,0,0,0,0
CCL20,XCR1,0,0,0,0,0,0,0,0,0
CCL1,XCR1,0,0,0,0,0.048568181693553925,0,0,0,0
CXCL1,XCR1,0,0.0022547366097569466,0,0,0,0,0,0.43674227595329285,0
CXCL2,XCR1,0,0,0,0,0,0,0,0,0
CXCL3,XCR1,0,0,0,0,0,0,0,0,0
CXCL5,XCR1,0,0,0,0,0.08938010036945343,0,0,0,0
PPBP,XCR1,0,0.005191856063902378,0,0,0.09811612218618393,0,0,0,0
CXCL13,XCR1,0,0.004609853960573673,0,0,0.008287477307021618,0,0,0.023134540766477585,0
XCL1,XCR1,0,0,0,0,0.37934187054634094,0,0,0,0
PF4,XCR1,0,0,0,0,0,0,0,0,0
CXCL14,XCR1,0,0,0,0,0,0,0,0.9883124232292175,0
CCL2,CXCR2,0,0,0,0,0,0,0,0,0
CXCL9,CXCR2,0,0,0,0,0,0,0,0,0
CCL5,CXCR2,0,0,0,0,0,0,0,0,0
CCL8,CXCR2,0,0,0,0,0,0,0,0,0
CCL4,CXCR2,0,0,0,0,0,0,0,0,0
CXCL10,CXCR2,0,0,0,0,0,0,0,0,0
CXCL12,CXCR2,0,0,0,0,0,0,0,0,0
CCL3,CXCR2,0,0,0,0,0,0,0,0,0
CCL7,CXCR2,0,0,0,0,0,0,0,0,0
CCL11,CXCR2,0,0,0,0,0,0,0,0,0
CCL24,CXCR2,0,0,0,0,0,0,0,0,0
CCL17,CXCR2,0,0,0,0,0,0,0,0,0
CCL22,CXCR2,0,0,0,0,0,0,0,0,0
CCL20,CXCR2,0,0,0,0,0,0,0,0,0
CCL1,CXCR2,0,0,0,0,0,0,0,0,0
CXCL1,CXCR2,0,0,0,0,0,0,0,0,0
CXCL2,CXCR2,0,0,0,0,0,0,0,0,0
CXCL3,CXCR2,0,0,0,0,0,0,0,0,0
CXCL5,CXCR2,0,0,0,0,0,0,0,0,0
PPBP,CXCR2,0,0,0,0,0,0,0,0,0
CXCL13,CXCR2,0,0,0,0,0,0,0,0,0
XCL1,CXCR2,0,0,0,0,0,0,0,0,0
PF4,CXCR2,0,0,0,0,0,0,0,0,0
CXCL14,CXCR2,0,0,0,0,0,0,0,0,0
CCL2,CCR9,0,0,0,0,0,0,0,0,0
CXCL9,CCR9,0,0,0,0,0,0,0,0,0
CCL5,CCR9,0,0,0,0,0,0,0,0,0
CCL8,CCR9,0,0,0,0,0,0,0,0,0
CCL4,CCR9,0,0,0,0,0,0,0,0,0
CXCL10,CCR9,0,0,0,0,0,0,0,0,0
CXCL12,CCR9,0,0,0,0,0,0,0,0,0
CCL3,CCR9,0,0,0,0,0,0,0,0,0
CCL7,CCR9,0,0,0,0,0,0,0,0,0
CCL11,CCR9,0,0,0,0,0,0,0,0,0
CCL24,CCR9,0,0,0,0,0,0,0,0,0
CCL17,CCR9,0,0,0,0,0,0,0,0,0
CCL22,CCR9,0,0,0,0,0,0,0,0,0
CCL20,CCR9,0,0,0,0,0,0,0,0,0
CCL1,CCR9,0,0,0,0,0,0,0,0,0
CXCL1,CCR9,0,0,0,0,0,0,0,0,0
CXCL2,CCR9,0,0,0,0,0,0,0,0,0
CXCL3,CCR9,0,0,0,0,0,0,0,0,0
CXCL5,CCR9,0,0,0,0,0,0,0,0,0
PPBP,CCR9,0,0,0,0,0,0,0,0,0
CXCL13,CCR9,0,0,0,0,0,0,0,0,0
TNFSF15,CCR9,0,0,0,0,0,0,0,0,0
XCL1,CCR9,0,0,0,0,0,0,0,0,0
PF4,CCR9,0,0,0,0,0,0,0,0,0
CXCL14,CCR9,0,0,0,0,0,0,0,0,0
IL1B,CDH5,0,0,0,0,0,0,0,0,0
BMP6,CDH5,0,0,0,0,0,0,0,0,0
ANGPT2,CDH5,0,0,0,0,0,0,0,0,0
KDR,CDH5,0,0,0,0,0,0,0,0,0
KNG1,CDH5,0,0,0,0,0,0,0,0,0
ANGPTL4,CDH5,0,0,0,0,0,0,0,0,0
KIT,CD81,0,0,0,0.11571189016103745,0,0.34906625747680664,0,0,0
KIT,CSF2RA,0,0,0,0,0,0,0,0,0
CSF1,CSF2RA,0,0,0,0,0,0,0,0,0
CSF3,CSF2RA,0,0,0,0,0,0,0,0,0
CSF2,CSF2RA,0,0,0,0,0,0,0,0,0
KIT,CD63,0,0,0,0.24686945974826813,0,0.4979362487792969,0,0,0
SFRP2,WNT2,0,0,0,0,0,0,0,0,1.2019975185394287
FRZB,WNT2,0,0,0,0,0,0,0,0,1.2109256982803345
WIF1,WNT2,0,0,0,0,0,0,0,0,1.154435396194458
RSPO3,WNT2,0,0,0,0,0,0,0,0,1.4702647924423218
DKK2,WNT2,0,0,0,0,0,0,0,0,1.1370079517364502
SOSTDC1,WNT2,0,0,0,0,0,0,0,0,0.7387176752090454
SOST,WNT2,0,0,0,0,0,0,0,0,0
SFRP5,WNT2,0,0,0,0,0,0,0,0,0.7019065022468567
SERPINF1,WNT2,0,0,0,0,0,0,0,0,1.4559990167617798
SFRP4,WNT2,0,0,0,0,0,0,0,0,0.8174421191215515
SFRP2,WNT6,0,0,0,0,0,0,0,0,1.179365873336792
FRZB,WNT6,0,0,0,0,0,0,0,0,1.1882940530776978
WIF1,WNT6,0,0,0,0,0,0,0,0,1.1318037509918213
RSPO3,WNT6,0,0,0,0,0,0,0,0,1.447633147239685
DKK2,WNT6,0,0,0,0,0,0,0,0,1.1143763065338135
SOSTDC1,WNT6,0,0,0,0,0,0,0,0,0.7160860300064087
SOST,WNT6,0,0,0,0,0,0,0,0,0
SFRP5,WNT6,0,0,0,0,0,0,0,0,0.67927485704422
SERPINF1,WNT6,0,0,0,0,0,0,0,0,1.433367371559143
SFRP4,WNT6,0,0,0,0,0,0,0,0,0.7948104739189148
SFRP2,WNT5A,0,0,0,0,0,0,0,0,1.1101316213607788
FRZB,WNT5A,0,0,0,0,0,0,0,0,1.1190598011016846
WIF1,WNT5A,0,0,0,0,0,0,0,0,1.0625693798065186
SFRP5,WNT5A,0,0,0,0,0,0,0,0,0.6100406050682068
SFRP4,WNT5A,0,0,0,0,0,0,0,0,0.7255762219429016
TLN1,ITGA5,0,0,0,0,0,0,0,0,0.7155040502548218
ANGPT1,ITGA5,0,0,0,0,0,0,0,0,1.0266296863555908
FLT4,ITGA5,0,0,0,0,0,0,0,0,0
CXCL12,ITGA5,0,0,0,0,0,0,0,0,1.1898131370544434
VEGFD,ITGA5,0,0,0,0,0,0,0,0,0.8349753022193909
L1CAM,ITGA5,0,0,0,0,0,0,0,0,0
RELN,ITGA5,0,0,0,0,0,0,0,0,0.6660473942756653
VTN,ITGA5,0,0,0,0,0,0,0,0,1.1793278455734253
THBS1,ITGA5,0,0,1.1748247146606445,0,0,0.7135664820671082,0,0,0.9628818035125732
THBS2,ITGA5,0,0,0,0,0,0,0,0,1.0022529363632202
CTGF,ITGA5,0,0,0.7044823169708252,0,0,0.6578934788703918,0,0,0.9809610247612
VWF,ITGA5,0,0,0,0,0,0,0,0,0
LAMB1,ITGA5,0,0,0,0,0,0,0,0,1.3456767797470093
LAMA4,ITGA5,0,0,0,0,0,0,0,0,1.1659901142120361
LAMC2,ITGA5,0,0,1.4289112091064453,0,0,0.6849870681762695,0,0,0
TNC,ITGA5,0,0,0.657813310623169,0,0,0,0,0,0.8546642661094666
COL6A3,ITGA5,0,0,0,0,0,0,0,0,0.9670077562332153
LAMA3,ITGA5,0,0,1.6401286125183105,0,0,0.6831810474395752,0,0,0
LAMC3,ITGA5,0,0,0,0,0,0,0,0,1.298505425453186
SPP1,ITGA5,0,0,0,0,0,0.8246492147445679,0,0,0
CYR61,ITGA5,0,0,1.381352186203003,0,0,0.8055919408798218,0,0,0.7148309946060181
LAMA2,ITGA5,0,0,0,0,0,0,0,0,1.8758416175842285
CHAD,ITGA5,0,0,0.6530987024307251,0,0,0,0,0,0
SPON2,ITGA5,0,0,0,0,0,0,0,0,0
COL6A6,ITGA5,0,0,0,0,0,0,0,0,0.8978445529937744
THBS4,ITGA5,0,0,0,0,0,0,0,0,0
WISP1,ITGA5,0,0,0,0,0,0,0,0,0.9223079681396484
TLN1,ITGA2B,0,0,0,0,0,0,0,0,0.06827731430530548
RELN,ITGA2B,0,0,0,0,0,0,0,0,0.0188206247985363
VTN,ITGA2B,0,0,0,0,0,0,0,0,0.5321010947227478
THBS1,ITGA2B,0,0,0.527597963809967,0,0,0.06633971631526947,0,0,0.31565508246421814
THBS2,ITGA2B,0,0,0,0,0,0,0,0,0.35502615571022034
VWF,ITGA2B,0,0,0,0,0,0,0,0,0
LAMB1,ITGA2B,0,0,0,0,0,0,0,0,0.6984500288963318
LAMA4,ITGA2B,0,0,0,0,0,0,0,0,0.5187634229660034
LAMC2,ITGA2B,0,0,0.7816844582557678,0,0,0.03776032477617264,0,0,0
TNC,ITGA2B,0,0,0.010586593300104141,0,0,0,0,0,0.20743750035762787
COL6A3,ITGA2B,0,0,0,0,0,0,0,0,0.31978103518486023
LAMA3,ITGA2B,0,0,0.9929018616676331,0,0,0.0359543152153492,0,0,0
ICAM4,ITGA2B,0,0,0.006784741301089525,0,0,0,0,0,0.0335879847407341
LAMC3,ITGA2B,0,0,0,0,0,0,0,0,0.6512786746025085
SPP1,ITGA2B,0,0,0,0,0,0.17742246389389038,0,0,0
LAMA2,ITGA2B,0,0,0,0,0,0,0,0,1.2286149263381958
CHAD,ITGA2B,0,0,0.005871959030628204,0,0,0,0,0,0
COL6A6,ITGA2B,0,0,0,0,0,0,0,0,0.2506178319454193
THBS4,ITGA2B,0,0,0,0,0,0,0,0,0
WNT5A,LRP2,0,0,0,0,0,0,0,0,0
EGF,LRP2,0,0,0,0,0,0,0,0,0
SHH,LRP2,0,0,0,0,0,0,0,0,0
MDK,LRP2,0,0,0,0,0,0,0,0,0
AGT,LRP2,0,0,0,0,0,0,0,0,0
TG,LRP2,0,0,0,0,0,0,0,0,0
APOA1,LRP2,0,0,0,0,0,0,0,0,0
APOE,LRP2,0,0,0,0,0,0,0,0,0
GC,LRP2,0,0,0,0,0,0,0,0,0
WNT5A,RORA,0,0,0,0,0,0,0,0.5984129905700684,0.6885471940040588
IL22,IL21R,0,0,0,0,0.26359719038009644,0,0,0,0
IL4,TNFRSF11B,0,0,0,0,0,0.09307672083377838,0,0,0
TNF,TNFRSF11B,0,0,0.09842170029878616,0,0,0,0,0,0
IL13,TNFRSF11B,0,0,0,0,0,0,0,0,0
PDGFA,TNFRSF11B,0,0,0.29752570390701294,0,0,0,0,0,0.24216091632843018
TNFSF11,TNFRSF11B,0,0,0,0,0,0.10487707704305649,0,0,0
VTN,TNFRSF11B,0,0,0,0,0,0,0,0,0.6193793416023254
THBS1,TNFRSF11B,0,0,0.6148762106895447,0,0,0.1536179631948471,0,0,0.4029333293437958
VWF,TNFRSF11B,0,0,0,0,0,0,0,0,0
IFNG,PPARG,0,0,0,0,0,0,0,0,0
IL4,PPARG,0,0,0,0,0,0,0,0,0
CSF2,PPARG,0,0,0,0,0,0,0,0,0
TNF,PPARG,0,0,0,0,0,0,0,0,0
IL12A,PPARG,0,0,0,0,0,0,0,0,0
RLN1,PPARG,0,0,0,0,0,0,0,0,0
SERPINF1,PPARG,0,0,0,0,0,0,0,0,0
IL10,CD14,0,0,0,0,0,0,0,0,0
IL10,CD40,0,0,0,0,0,0,0,0,0
IFNG,CD40,0,0,0,0,0.1618405282497406,0,0,0,0
CD40LG,CD40,0,0,0,0,0.03359276056289673,0,0,0,0
LTB,CD40,0,0,0,0,0.19522462785243988,0,0,0,0
IL18,CD40,0,0,0,0,0,0,0,0,0
IL10,CSF1,0,0,0,0,0,0,0,0,0
IFNG,CSF1,0,0,0,0,0,0.5595924258232117,0,0,0
IL6,CSF1,0,0,0,0,0,0,0,0,1.6049400568008423
IL1A,CSF1,0,0,0.42479443550109863,0,0,0,0,0,0
CSF2,CSF1,0,0,0,0,0,0,0,0,0
IL1B,CSF1,0,0,0,0,0,0.46645820140838623,0,0,0
IL10,IL1RN,0,0,0,0,0,0,0,0,0
IL6,IL1RN,0,0,0,0,0,0,1.1877528429031372,0,0
HGF,IL1RN,0.01177290454506874,0,0,0,0,0,0.4133125841617584,0,0
TNF,IL1RN,0.014088953845202923,0,0,0,0,0,0,0,0
IFNG,IFNGR1,0,0,0,0,0.4352099895477295,0,0,0,0
IFNB1,IFNGR1,0,0,0,0,0.3068493604660034,0,0,0,0
IFNG,CD74,0,0,0,0,0.6483452320098877,0,0,0,0
IFNG,PIGR,0,0,0,0.8189333081245422,0.5271233320236206,0,0,0,0
TNF,PIGR,0.6906170845031738,0.3988071382045746,0,0,0,0,0,0,0
IFNG,CD40LG,0,0,0,0,0.14304715394973755,0,0,0,0
TSLP,CD40LG,0,0.015010880306363106,0,0,0,0,0,0,0
ICOS,CD40LG,0,0,0,0,0.21182185411453247,0,0,0,0
IFNG,KLRD1,0,0,0,0,0.31874048709869385,0,0,0,0
CD160,KLRD1,0,0,0,0,0.27175670862197876,0,0,0,0
IFNG,MUC1,0,0,0,0.1481134593486786,0.14754512906074524,0,0,0,0
TNF,MUC1,0.019797252491116524,0.019228914752602577,0,0,0,0,0,0,0
IL13,MUC1,0,0,0,0,0,0,0,0,0
IL7,MUC1,0.2665936052799225,0.26602524518966675,0,0,0,0,0,0,0
IFNG,CEACAM1,0,0,0,0.3976810574531555,0,0,0,0,0
IFNG,CXCL9,0,0,0,0,0.2608821392059326,0.8382421731948853,0,0,0
IL12B,CXCL9,0,0,0,0,0.20218989253044128,0.7795498967170715,0,0,0
IFNG,CXCL16,0,0,0,0.5762203335762024,0.31290942430496216,0,0,0,0
IFNG,VCAM1,0,0,0,0,0,0.8112720847129822,0,0,0
CD40LG,VCAM1,0,0,0,0,0,0.6830242872238159,0,0,0
IL4,VCAM1,0,0,0,0,0,0.6776108741760254,0,0,0
TNF,VCAM1,0,0,0.6829558610916138,0,0,0,0,0,0
IL18,VCAM1,0,0,0,0,0,0,0,0,0
THBS1,VCAM1,0,0,1.1994104385375977,0,0,0.7381521463394165,0,0,0.9874675273895264
IFNG,CXCL12,0,0,0,0,0,0.6744216084480286,0,0,0
CCL5,CXCL12,0,0,0,0,0,1.1467235088348389,0,0,0
IL6,CXCL12,0,0,0,0,0,0,0,0,1.7197692394256592
IL1A,CXCL12,0,0,0.5396236181259155,0,0,0,0,0,0
CSF3,CXCL12,0,0,0.9462908506393433,0,0,0.6309454441070557,0,0,0
IL2,CXCL12,0,0,0,0,0,0.5432083606719971,0,0,0
IL13,CXCL12,0,0,0,0,0,0,0,0,0
IL17A,CXCL12,0,0,0,0,0,0.6685959696769714,0,0,0
IL18,CXCL12,0,0,0,0,0,0,0,0,0
ADIPOQ,CXCL12,0,0,0,0,0,0,0,0,0
IFNG,CXCL10,0,0,0,0,0.17836712300777435,1.0146088600158691,0,0,0
TNF,CXCL10,0,0.05005091428756714,0.8862926363945007,0,0,0,0,0,0
IL1B,CXCL10,0,0,0,0,0.08523288369178772,0.9214746356010437,0,0,0
OSM,CXCL10,0,0,0,0,0,0,0,0,0
IL17F,CXCL10,0,0,0,0,0.08540710806846619,0.9216488599777222,0,0,0
IFNG,IL17A,0,0,0,0,0.2654693126678467,0,0,0,0
IL6,IL17A,0,0,0,0,0,0,0,1.310817003250122,0
TNFSF4,IL17A,0,0,0,0,0.15029412508010864,0,0,0.17452850937843323,0
CYR61,IL17A,0,0.8601350784301758,0,0,0.2843748927116394,0,0,0.1936139315366745,0
PDGFB,S1PR1,0,0,0,0,0,0,0,0,0
KDR,S1PR1,0,0,0,0,0,0,0,0,0
SPP1,S1PR1,0,0,0,0,0,0,0,0,0
CXCL9,GRM7,0,0,0,0,0,0.21397526562213898,0,0,0.7913352847099304
CCL5,GRM7,0,0,0,0,0,0.6966899633407593,0,0,0
CXCL10,GRM7,0,0,0,0,0,0.1314602494239807,0,0,0.9677019715309143
CXCL12,GRM7,0,0,0,0,0,0,0,0,0.6275147199630737
APLN,GRM7,0,0,0,0,0,0,0,0,0
AGT,GRM7,0,0,0,0,0,0,0,0,0.268898606300354
KNG1,GRM7,0,0,0,0,0,0,0,0,0
CCL20,GRM7,0,0,0,0,0,0,0,0,0
CXCL1,GRM7,0,0,0.09078862518072128,0,0,0,0,0,0.5252761840820312
CXCL2,GRM7,0,0,0,0,0,0,0,0,0
CXCL3,GRM7,0,0,0,0,0,0,0,0,0
CXCL5,GRM7,0,0,0,0,0,0.17791399359703064,0,0,0
PPBP,GRM7,0,0,0.09372574090957642,0,0,0.18665000796318054,0,0,0
CXCL13,GRM7,0,0,0.09314373880624771,0,0,0.0968213602900505,0,0,0.1116684228181839
PENK,GRM7,0,0,0,0,0,0,0,0,1.1596393585205078
ANXA1,GRM7,0,0,0.7658610939979553,0,0,0.46022936701774597,0,0,0.1018730029463768
SAA1,GRM7,0,0,0,0,0,0,0,0,0
GAL,GRM7,0,0,0,0,0,0,0,0,0.31846341490745544
PNOC,GRM7,0,0,0,0,0,0,0,0,0
NPY,GRM7,0,0,0,0,0,0,0,0,0.19731318950653076
SST,GRM7,0,0,0,0,0,0,0,0,0.13557502627372742
PYY,GRM7,0,0,0,0,0,0,0,0,0
PF4,GRM7,0,0,0,0,0,0,0,0,0
CCL5,CCRL2,0,0,0,0,0,0,0,0,0
RARRES2,CCRL2,0,0,0,0,0,0,0,0,0
CCL5,TNFRSF4,0,0,0,0,0.8528954386711121,0,0,0,0
IL2,TNFRSF4,0,0,0,0,0.24938032031059265,0,0,0,0
TNFSF4,TNFRSF4,0,0,0,0,0.2654183506965637,0,0,0.2896527349948883,0
IL6,TLR2,0,0,0,0,0,0,0,0,0
CSF2,TLR2,0,0,0,0,0,0,0,0,0
SAA1,TLR2,0,0,0,0,0,0,0,0,0
VCAN,TLR2,0,0,0,0,0,0,0,0,0
DCN,TLR2,0,0,0,0,0,0,0,0,0
CYR61,TLR2,0,0,0,0,0,0,0,0,0
PRG4,TLR2,0,0,0,0,0,0,0,0,0
IL6,OXTR,0,0,0,0,0,0,0,0,1.221442461013794
IL6,AGT,0,0,0,0,0,0,0,0,1.3611531257629395
IL6,MSR1,0,0,0,0,0,0,0,0,0
CSF1,MSR1,0,0,0,0,0,0,0,0,0
ADIPOQ,MSR1,0,0,0,0,0,0,0,0,0
EGF,NRP1,0,0,0,0,0,0,0,0,0
HGF,NRP1,0,0,0.6034696102142334,0,0,0,0,0,1.0050092935562134
KDR,NRP1,0,0,0,0,0,0,0,0,0
L1CAM,NRP1,0,0,0,0,0,0,0,0,0
SEMA3C,NRP1,0,0,1.2002170085906982,0,0,0,0,0,0.6267977356910706
PGF,NRP1,0,0,0,0,0,0,0,0,0.9016211628913879
SEMA3D,NRP1,0,0,0,0,0,0,0,0,0.6899932622909546
CNTN2,NRP1,0,0,0,0,0,0,0,0,0
ALCAM,NRP1,0,0,0.9033585786819458,0,0,0,0,0,0
EGF,PGR,0,0,0,0,0,0,0,0,0
EGF,ANXA1,0,0,0,0,0,0,0,0,0
HGF,ANXA1,0.6821357011795044,0.37650397419929504,0.01814761944115162,0,0,0,1.0836753845214844,0.7780436277389526,0.41968730092048645
EGF,BSG,0,0,0,0,0,0,0,0,0
IL1A,IL1R1,0,0,0.5782464146614075,0,0,0,0,0,0
IL1B,IL1R1,0,0,0,0,0,0.6199101805686951,0,0,0
IL12A,IL1R1,0,0,0,0,0,0,0,0,0
IL1RAP,IL1R1,0,0,0,0,0,0,0,0,0
IL12B,IL1R1,0,0,0,0,0,0.6543521285057068,0,0,0
IL1RN,IL1R1,0,0,0.5841546058654785,0,0,0,0,0,0
IL1A,IL1RAP,0,0,0,0,0,0,0,0,0
IL1B,IL1RAP,0,0,0,0,0,0,0,0,0
IL1RN,IL1RAP,0,0,0,0,0,0,0,0,0
IL33,IL1RAP,0,0,0,0,0,0,0,0,0
IL1A,IL1R2,0,0,0,0,0,0,0,0,0
IL1B,IL1R2,0,0,0,0,0,0,0,0,0
IL1RN,IL1R2,0,0,0,0,0,0,0,0,0
IL1A,PLAU,0.23849551379680634,0.01379979494959116,0.05249600484967232,0,0,0,0,0,0
CSF2,PLAU,0,0,0,0,0,0,0,0,0
HGF,PLAU,0.242661252617836,0.017965534701943398,0.05666174739599228,0,0,0,0.6442009210586548,0.41950520873069763,0.45820140838623047
TNF,PLAU,0.24497729539871216,0.020281583070755005,0.05897779390215874,0,0,0,0,0,0
LIF,PLAU,0.7555615901947021,0.5308658480644226,0.5695620775222778,0.2991209030151367,0.07442519813776016,0.1131214052438736,0,0,0
BDNF,PLAU,0,0,0,0,0,0,0.48497599363327026,0.2602802515029907,0.29897648096084595
VTN,PLAU,0,0,0,0,0,0,0.765934944152832,0.5412392020225525,0.5799354314804077
FGFR4,PLAU,0,0,0,0,0,0,0.26361197233200073,0.038916271179914474,0.0776124820113182
PLAUR,PLAU,0.9899020195007324,0.7652062773704529,0.8039025068283081,0.5436580777168274,0.31896236538887024,0.3576585650444031,0,0,0
SPP1,PLAU,0,0,0,0.4112563133239746,0.18656060099601746,0.2252568155527115,0,0,0
IL1A,C3,0,0,0.8948416709899902,0,0,0,0,0,0
CD40LG,C3,0,0,0,0,0,0.901391863822937,0,0,0
IL2,C3,0,0,0,0,0,0.8984264135360718,0,0,0
C4B,C3,0,0,0,0,0,0,0,0,1.9722400903701782
PDGFB,LRP1,0,0,1.1360780000686646,0,0,0,0,0,0
MDK,LRP1,0,0,0,0,0,0,0,0,1.466189980506897
THBS1,LRP1,0,0,1.6177866458892822,0,0,1.1565284729003906,0,0,1.4058438539505005
CTGF,LRP1,0,0,1.1474443674087524,0,0,1.1008554697036743,0,0,1.4239230155944824
VWF,LRP1,0,0,0,0,0,0,0,0,0
APOA1,LRP1,0,0,0,0,0,0,0,0,1.1078344583511353
APOE,LRP1,0,0,1.1290229558944702,0,0,1.4160192012786865,0,0,1.1430785655975342
LGALS9,LRP1,0,0,1.149249792098999,0,0,1.1609036922454834,0,0,1.208936095237732
PF4,LRP1,0,0,0,0,0,0,0,0,0
CD40LG,ITGAM,0,0,0,0,0,0,0,0,0
IL2,ITGAM,0,0,0,0,0,0,0,0,0
KNG1,ITGAM,0,0,0,0,0,0,0,0,0
HP,ITGAM,0,0,0,0,0,0,0,0,0
CTGF,ITGAM,0,0,0,0,0,0,0,0,0
ICAM4,ITGAM,0,0,0,0,0,0,0,0,0
CYR61,ITGAM,0,0,0,0,0,0,0,0,0
ICAM2,ITGAM,0,0,0,0,0,0,0,0,0
SPON2,ITGAM,0,0,0,0,0,0,0,0,0
CD40LG,ITGA2B,0,0,0,0,0,0.011211898177862167,0,0,0
CTGF,ITGA2B,0,0,0.0572555847465992,0,0,0.010666721500456333,0,0,0.33373427391052246
CYR61,ITGA2B,0,0,0.7341254353523254,0,0,0.15836521983146667,0,0,0.06760428100824356
CD40LG,ITGA5,0,0,0,0,0,0.6584386229515076,0,0,0
ANGPT2,ITGA5,0,0,0,0,0,0,0,0,0.672528088092804
ANGPTL4,ITGA5,0,0,0,0,0,0,0,0,0.8225612640380859
EDIL3,ITGA5,0,0,0,0,0,0,0,0,0
CD40LG,CD80,0,0,0,0,0,0,0,0,0
CCL22,CD80,0,0,0,0,0,0,0,0,0
CD274,CD80,0,0,0,0,0,0,0,0,0
CD8A,CD80,0,0,0,0,0,0,0,0,0
CD40LG,CD47,0,0,0,0,0.15424874424934387,0.16149680316448212,0,0,0
VTN,CD47,0,0,0,0,0,0,0,0.6751379370689392,0.682386040687561
THBS1,CD47,0,0.6706348061561584,0.6778829097747803,0,0.20937657356262207,0.21662461757659912,0,0.45869195461273193,0.465939998626709
THBS2,CD47,0,0,0,0,0,0,0,0.49806302785873413,0.5053110718727112
LGALS9,CD47,0,0.2020978480577469,0.20934590697288513,0,0.21375183761119843,0.22099989652633667,0,0.26178425550460815,0.2690322995185852
THBS4,CD47,0,0,0,0,0,0,0,0,0
CD40LG,CD83,0,0,0,0,0.0485270693898201,0,0,0,0
TNF,CD83,0,0.04845862090587616,0,0,0,0,0,0,0
IL2,CD83,0,0,0,0,0.04556161165237427,0,0,0,0
CD40LG,IGHM,0,0,0,0,0.03454650938510895,0,0,0,0
IL4,TNFRSF17,0,0,0,0,0,0,0,0,0
IL1B,TNFRSF17,0,0,0,0,0,0,0,0,0
LTA,EDNRA,0,0,0,0,0,0.8982874751091003,0,0,0
AGT,EDNRA,0,0,0,0,0,0,0,0,1.0590085983276367
EDN1,EDNRA,0,0,1.3900141716003418,0,0,0.9840624928474426,0,0,0
EDN2,EDNRA,0,0,0.9225815534591675,0,0,0,0,0,0
EDN3,EDNRA,0,0,0,0,0,0,0,0,1.0389636754989624
TNC,EDNRA,0,0,0.8856249451637268,0,0,0,0,0,1.0824759006500244
NRG1,GPC1,0,0,0.5893938541412354,0,0,0,0,0,0.6189157366752625
SHH,GPC1,0,0,0,0,0,0,0,0,0
BMP2,GPC1,0,0,0,0,0,0,0,0,1.0501153469085693
NRG1,MS4A4A,0,0,0,0,0,0,0,0,0
NGF,NGFR,0.47796204686164856,0,0.3802469074726105,0.18032392859458923,0,0.08260878175497055,0,0,0
IL2,NGFR,0,0,0,0.10764362663030624,0,0.009928487241268158,0,0,0
BDNF,NGFR,0,0,0,0,0,0,0.35053932666778564,0,0.25282418727874756
NTS,NGFR,0,0,0,0,0,0,0,0,0
TTR,NGFR,0,0,0,0,0,0,0,0,0
NGF,SORCS2,0.8165521025657654,0,0.6293723583221436,0.518913984298706,0,0.33173424005508423,0,0,0
NGF,MAGED1,0.37712186574935913,0,0.6968789100646973,0.07948371767997742,0,0.39924079179763794,0,0,0
IL4,IL13RA2,0,0,0,0,0,0.3165431320667267,0,0,0
TNFSF9,IL13RA2,0,0,0,0,0,0,0,0,0.739322304725647
IL13,IL13RA2,0,0,0,0,0,0,0,0,0
IL4,IL12RB1,0,0,0,0,0.02990645356476307,0,0,0,0
IL1B,IL12RB1,0,0,0,0,0.07043340802192688,0,0,0,0
IL12A,IL12RB1,0,0,0,0,0,0,0,0,0
IL12B,IL12RB1,0,0,0,0,0.10487540066242218,0,0,0,0
IL4,IL12A,0,0,0,0,0,0,0,0,0
IL1B,IL12A,0,0,0,0,0,0,0,0,0
IL4,SELP,0,0,0,0,0,0,0,0,0
VWF,SELP,0,0,0,0,0,0,0,0,0
VCAN,SELP,0,0,0,0,0,0,0,0,0
CD34,SELP,0,0,0,0,0,0,0,0,0
IL4,IL2RA,0,0,0,0,0.0060127852484583855,0,0,0,0
IL2,IL2RA,0,0,0,0,0.008460757322609425,0,0,0,0
IL1RN,IL2RA,0,0.010784214362502098,0,0,0,0,0,0,0
CD8A,IL2RA,0,0,0,0,0.42920640110969543,0,0,0,0
GZMA,F2RL1,0,0,0,1.1112984418869019,0.2855103611946106,0,0,0,0
TNF,F2RL1,0.842418372631073,0.016630318015813828,0,0,0,0,0,0,0
CTGF,F2RL1,0.8885304927825928,0.0627424493432045,0,0.8419416546821594,0.01615358702838421,0,1.1650092601776123,0.33922114968299866,0
PRSS2,F2RL1,0,0,0,0,0,0,0,0,0
GZMA,RYR2,0,0,0,0,0,0.3689146339893341,0,0,0
TG,RYR2,0,0,0,0,0,0,0,0,0
GSTM2,RYR2,0,0,0,0,0,0,0,0,0.16787585616111755
PF4,PROCR,0,0,0,0,0,0,0,0,0
HBEGF,PRLR,0.9988688230514526,0,0,0.31441932916641235,0,0,0,0,0
CSF1,CSF3R,0,0,0,0,0,0,0,0,0
CSF3,CSF3R,0,0,0,0,0,0,0,0,0
CSF2,CSF3R,0,0,0,0,0,0,0,0,0
CD80,CD3D,0,0,0,0,0,0,0,0,0
APOD,LEPR,0,0,0,0,0,0.27939873933792114,0,0,1.78364098072052
IL5,IL5RA,0,0,0,0,0,0,0,0,0
CSF1,ITGAV,0,0,0,0,0,0,0.9813023805618286,0.4408288598060608,0.5780816078186035
PDGFB,ITGAV,0.5994344353675842,0.05896094813942909,0.1962137073278427,0,0,0,0,0,0
CXCL12,ITGAV,0,0,0,0,0,0,1.0961315631866455,0.5556580424308777,0.6929107904434204
RELN,ITGAV,0,0,0,0,0,0,0.5723658204078674,0.0318923220038414,0.16914507746696472
LAMB1,ITGAV,0,0,0,0,0,0,1.2519952058792114,0.7115217447280884,0.8487744927406311
LAMA4,ITGAV,0,0,0,0,0,0,1.0723085403442383,0.53183513879776,0.6690878868103027
LAMC2,ITGAV,1.3352296352386475,0.7947561740875244,0.9320089221000671,0.5913054943084717,0.05083202198147774,0.18808478116989136,0,0,0
NID1,ITGAV,0,0,0,0,0,0,1.5218805074691772,0.9814070463180542,1.1186597347259521
COL6A3,ITGAV,0,0,0,0,0,0,0.8733261823654175,0.33285272121429443,0.47010549902915955
LAMA3,ITGAV,1.5464470386505127,1.0059735774993896,1.1432263851165771,0.5894994735717773,0.0490260124206543,0.18627877533435822,0,0,0
LAMC3,ITGAV,0,0,0,0,0,0,1.2048238515853882,0.6643503904342651,0.8016031384468079
LAMA2,ITGAV,0,0,0,0,0,0,1.7821600437164307,1.2416865825653076,1.3789393901824951
AZGP1,ITGAV,0,0,0,0,0,0,0,0,0
CHAD,ITGAV,0.5594171285629272,0.018943654373288155,0.15619641542434692,0,0,0,0,0,0
COL6A6,ITGAV,0,0,0,0,0,0,0.8041629791259766,0.2636895179748535,0.40094226598739624
CSF3,IGHG3,0,0,0,0,0,0,0,0,0
CSF2,CDH11,0,0,0,0,0,0,0,0,0
TNF,CDH11,0,0,0.8155614137649536,0,0,0,0,0,0
BMP2,CDH11,0,0,0,0,0,0,0,0,1.348250389099121
CALCA,CDH11,0,0,0,0,0,0.8682794570922852,0,0,0
ANGPTL4,CDH11,0,0,0,0,0,0,0,0,0.9797524809837341
CSF2,CD86,0,0,0,0,0,0,0,0,0
CD8A,CD86,0,0,0,0,0.4757111072540283,0,0,0,0
HGF,SPHK1,0.11013694107532501,0,0.8318198919296265,0,0,0,0.5116766095161438,0,1.2333595752716064
TNF,SPHK1,0.11245299130678177,0,0.8341359496116638,0,0,0,0,0,0
TGFB2,SPHK1,0.2661723494529724,0,0.9878553152084351,0,0,0,0.694297194480896,0,1.4159801006317139
PDGFA,SPHK1,0.31155699491500854,0,1.0332399606704712,0,0,0,0.2561922073364258,0,0.9778751730918884
PDGFB,SPHK1,0.14719879627227783,0,0.8688817620277405,0,0,0,0,0,0
TGFB2,ACVR1C,0,0,0,0,0,0,0,0,0
TGFB2,ACVR1,0.5676608681678772,0,0.523163914680481,0,0,0,0.9957857131958008,0,0.9512887597084045
ANGPT1,ITGB5,0,0,0,0,0,0,0,0,0.5499529838562012
MFGE8,ITGB5,0,0,0.8111513257026672,0,0,0.2939464747905731,0,0,0.804375171661377
POSTN,ITGB5,0,0,0,0,0,0,0,0,0.2393227219581604
COL6A5,ITGAV,0,0,0,0,0,0,0.8812493085861206,0.3407757878303528,0.4780285656452179
TNF,ICOS,0,0.21175341308116913,0,0,0,0,0,0,0
TNF,SEMA4C,0,0,0.36873504519462585,0,0,0,0,0,0
TNF,MYLK,0,0,0.6351041793823242,0,0,0,0,0,0
CALML3,MYLK,0,0,0,0,0,0,0,0,0
TNFSF9,TNFRSF9,0,0,0,0,0,0,0,0.7971763610839844,0
IL2,TNFRSF9,0,0,0,0,0.37684518098831177,0,0,0,0
SHH,HHIP,0,0,0,0,0,0,0,0,0
IHH,HHIP,0,0,0,0,0,0,0,0,0
SHH,GAS1,0,0,0,0,0,0,0,0,0
SHH,SCUBE2,0,0,0,0,0,0,0,0,0
CXCL12,ACKR3,0,0,0,0,0,0,0,0,0.8265594244003296
TFF3,ACKR3,0,0,0,0,0,0,0,0,0
CD80,CD8A,0,0,0,0,0,0,0,0,0
IL2,TNFRSF18,0,0,0,0,0.35336244106292725,0,0,0,0
TNFSF18,TNFRSF18,0,0,0,0,0,0,0,0,0
BMP2,BMPR2,0,0,0,0,0,0,0.6186438202857971,0,1.0487637519836426
BMP6,BMPR2,0,0,0,0,0,0,0.18584221601486206,0,0.6159620881080627
BMP4,BMPR2,0,0,0,0,0,0,0.6499292850494385,0,1.0800491571426392
BMP5,BMPR2,0,0,0,0,0,0,0,0,0
GDF10,BMPR2,0,0,0,0,0,0,0.7621864676475525,0,1.1923062801361084
GDF3,BMPR2,0,0,0,0,0,0,0,0,0
FST,BMPR2,0.5655401349067688,0,0.9956600666046143,0.17514261603355408,0,0.6052625179290771,0.8523690104484558,0,1.2824888229370117
BMP1,BMPR2,0,0,0,0,0,0,0.4030890464782715,0,0.8332089185714722
BMP3,BMPR2,0,0,0,0,0,0,0,0,0
BMP2,BMPR1B,0,0,0,0,0,0,0,0,0
BMP6,BMPR1B,0,0,0,0,0,0,0,0,0
BMP4,BMPR1B,0,0,0,0,0,0,0,0,0
BMP5,BMPR1B,0,0,0,0,0,0,0,0,0
GDF10,BMPR1B,0,0,0,0,0,0,0,0,0
GDF3,BMPR1B,0,0,0,0,0,0,0,0,0
FST,BMPR1B,0,0,0,0,0,0,0,0,0
BMP1,BMPR1B,0,0,0,0,0,0,0,0,0
BMP3,BMPR1B,0,0,0,0,0,0,0,0,0
BMP2,ACVR1,0,0,0,0,0,0,0.9466304183006287,0,0.9021334648132324
INHBA,ACVR1,0.5712376832962036,0,0.5267407298088074,0,0,0,0.651465654373169,0,0.6069687008857727
BMP6,ACVR1,0,0,0,0,0,0,0.5138288140296936,0,0.46933186054229736
BMP4,ACVR1,0,0,0,0,0,0,0.97791588306427,0,0.9334189295768738
INHBB,ACVR1,0,0,0,0,0,0,0.7219256162643433,0,0.677428662776947
INHA,ACVR1,0.4144522547721863,0,0.36995530128479004,0,0,0,0.49362486600875854,0,0.4491279125213623
BMP5,ACVR1,0,0,0,0,0,0,0,0,0
BMP3,ACVR1,0,0,0,0,0,0,0,0,0
BMP4,PDCD1,0,0,0,0,0,0,0,0.8653098940849304,0
CD274,PDCD1,0,0,0,0,0,0,0,0.5040826201438904,0
FAM3C,LAMP1,0.24936744570732117,0,0.34874945878982544,0.06383062154054642,0,0.1632126271724701,0,0,0
LGALS1,CD69,0,0,0,0,0.325049489736557,0,0,0.5420821309089661,0
S100A8,CD69,0,0,0,0,0,0,0,0,0
MYL9,CD69,0,0,0,0,0,0,0,0.48721379041671753,0
HHIP,SHH,0,0,0,0,0,0,0,0,0
OSM,PLAT,0,0,0,0,0,0,0,0,0
TGFB2,PLAT,0.2556394040584564,0.22700273990631104,0.6519195437431335,0,0,0,0.6837642192840576,0.6551275849342346,1.0800443887710571
TGFB2,GREM1,0,0,0,0,0,0,0,0,0
INHBA,ACVR1C,0,0,0,0,0,0,0,0,0
INHBB,ACVR1C,0,0,0,0,0,0,0,0,0
INHA,ACVR1C,0,0,0,0,0,0,0,0,0
GDF10,ACVR1C,0,0,0,0,0,0,0,0,0
GDF3,ACVR1C,0,0,0,0,0,0,0,0,0
INHBA,BAMBI,0,0,0.5507211685180664,0,0,0,0,0,0.6309491395950317
INHBB,BAMBI,0,0,0,0,0,0,0,0,0.701409101486206
MDK,PTPRB,0,0,0,0,0,0,0,0,0
PTN,PTPRB,0,0,0,0,0,0,0,0,0
TNC,PTPRB,0,0,0,0,0,0,0,0,0
RSPO3,LGR5,0,0,0,0,0,0,0,0,1.062887191772461
GDNF,GFRA1,0,0,0,0,0,0,0.26008284091949463,0,0.830974817276001
GDNF,GFRA3,0,0,0,0,0,0,0,0,0
GDNF,EDNRB,0,0,0,0,0,0,0,0,0.510914146900177
EDN1,EDNRB,0,0,0.8924590349197388,0,0,0.48650744557380676,0,0,0
EDN2,EDNRB,0,0,0.4250265061855316,0,0,0,0,0,0
EDN3,EDNRB,0,0,0,0,0,0,0,0,0.5414085388183594
IL5,PTAFR,0,0,0,0,0,0,0,0,0
GDF3,TDGF1,0,0,0,0,0,0,0,0,0
MDK,TSPAN1,0,0,0,0,0,0,0.46447765827178955,0.40046215057373047,0
MDK,ITGA4,0,0,0,0,0,0,0,0.4356567859649658,0
CXCL12,ITGA4,0,0,0,0,0,0,0,0.6022418737411499,0
VEGFD,ITGA4,0,0,0,0,0,0,0,0.247404083609581,0
RELN,ITGA4,0,0,0,0,0,0,0,0.07847616821527481,0
VTN,ITGA4,0,0,0,0,0,0,0,0.5917566418647766,0
THBS1,ITGA4,0,0.5872535109519958,0,0,0.12599524855613708,0,0,0.37531062960624695,0
THBS2,ITGA4,0,0,0,0,0,0,0,0.41468170285224915,0
VWF,ITGA4,0,0,0,0,0,0,0,0,0
VCAM1,ITGA4,0,0,0,0,0,0,0,0.7390923500061035,0
VCAN,ITGA4,0,0,0,0,0,0,0,0.715534508228302,0
LAMB1,ITGA4,0,0,0,0,0,0,0,0.7581055760383606,0
LAMA4,ITGA4,0,0,0,0,0,0,0,0.5784189701080322,0
LAMC2,ITGA4,0,0.8413400053977966,0,0,0.09741586446762085,0,0,0,0
TNC,ITGA4,0,0.07024213671684265,0,0,0,0,0,0.26709306240081787,0
COL6A3,ITGA4,0,0,0,0,0,0,0,0.37943658232688904,0
LAMA3,ITGA4,0,1.0525574684143066,0,0,0.09560985863208771,0,0,0,0
ICAM4,ITGA4,0,0.06644028425216675,0,0,0,0,0,0.09324352443218231,0
LAMC3,ITGA4,0,0,0,0,0,0,0,0.7109342217445374,0
SPP1,ITGA4,0,0,0,0,0.2370780110359192,0,0,0,0
LAMA2,ITGA4,0,0,0,0,0,0,0,1.2882704734802246,0
CHAD,ITGA4,0,0.06552749872207642,0,0,0,0,0,0,0
SPON2,ITGA4,0,0,0,0,0,0,0,0,0
COL6A6,ITGA4,0,0,0,0,0,0,0,0.31027334928512573,0
THBS4,ITGA4,0,0,0,0,0,0,0,0,0
CYR61,ITGB1,0.9885884523391724,0.7341305017471313,1.0975990295410156,0.4128282070159912,0.15837031602859497,0.5218387842178345,0.3220672607421875,0.06760936230421066,0.4310778081417084
AFDN,NECTIN2,0.7976279258728027,0,0.5713769197463989,0,0,0,0,0,0
VTN,NECTIN2,0,0,0,0,0,0,0.8534319996833801,0,0.6271810531616211
AFDN,NRXN3,0,0,0,0,0,0,0,0,0
CXCL12,AVPR1A,0,0,0,0,0,0,0,0,0.8636575937271118
ADM,RAMP2,0,0,0.19986465573310852,0,0,0,0,0,0.23877087235450745
CALCA,RAMP2,0,0,0,0,0,0.18360650539398193,0,0,0
CALCB,RAMP2,0,0,0.5849747657775879,0,0,0.3097413182258606,0,0,0
IAPP,RAMP2,0,0,0.14622657001018524,0,0,0,0,0,0.1433660089969635
GHRH,RAMP2,0,0,0,0,0,0,0,0,0
PTHLH,RAMP2,0,0,0,0,0,0,0,0,0.13545456528663635
SCT,RAMP2,0,0,0,0,0,0,0,0,0.28377726674079895
ADM,RAMP3,0,0.361907958984375,0,0,0,0,0,0.4008141756057739,0
CALCA,RAMP3,0,0,0,0,0.3456498086452484,0,0,0,0
CALCB,RAMP3,0,0.747018039226532,0,0,0.4717845916748047,0,0,0,0
IAPP,RAMP3,0,0.3082698881626129,0,0,0,0,0,0.30540931224823,0
GHRH,RAMP3,0,0,0,0,0,0,0,0,0
PTHLH,RAMP3,0,0,0,0,0,0,0,0.29749786853790283,0
SCT,RAMP3,0,0,0,0,0,0,0,0.44582056999206543,0
ADM,RAMP1,0.1755332201719284,0.10496112704277039,0.21849200129508972,0,0,0,0.21443943679332733,0.1438673436641693,0.25739821791648865
CALCA,RAMP1,0,0,0,0.15927506983280182,0.0887029767036438,0.20223385095596313,0,0,0
CALCB,RAMP1,0.5606433153152466,0.49007120728492737,0.6036020517349243,0.2854098677635193,0.21483778953552246,0.3283686637878418,0,0,0
IAPP,RAMP1,0.12189514189958572,0.051323048770427704,0.16485391557216644,0,0,0,0.11903457343578339,0.048462480306625366,0.1619933545589447
ADM,ADRB3,0.11026370525360107,0,0.15915384888648987,0,0,0,0.149169921875,0,0.1980600655078888
CALCA,ADRB3,0,0,0,0.09400555491447449,0,0.14289569854736328,0,0,0
CALCB,ADRB3,0.49537378549575806,0,0.5442639589309692,0.22014035284519196,0,0.26903051137924194,0,0,0
IAPP,ADRB3,0.05662562698125839,0,0.10551576316356659,0,0,0,0.053765058517456055,0,0.10265519469976425
GHRH,ADRB3,0,0,0,0,0,0,0,0,0
PTHLH,ADRB3,0,0,0,0,0,0,0.045853618532419205,0,0.0947437584400177
SCT,ADRB3,0,0,0,0,0,0,0.1941763162612915,0,0.2430664598941803
ADM,GPR20,0,0,0.10973429679870605,0,0,0,0,0,0.14864051342010498
CALCA,GPR20,0,0,0,0,0,0.09347614645957947,0,0,0
CALCB,GPR20,0,0,0.49484437704086304,0,0,0.21961094439029694,0,0,0
IAPP,GPR20,0,0,0.05609621852636337,0,0,0,0,0,0.053235650062561035
GHRH,GPR20,0,0,0,0,0,0,0,0,0
PTHLH,GPR20,0,0,0,0,0,0,0,0,0.045324210077524185
SCT,GPR20,0,0,0,0,0,0,0,0,0.19364690780639648
APLN,APLNR,0,0,0,0,0,0,0,0,0
APELA,APLNR,0,0,0,0,0,0,0,0,0
KNG1,BDKRB1,0,0,0,0,0,0,0,0,0
KNG1,CD93,0,0,0,0,0,0,0,0,0
MMRN2,CD93,0,0,0,0,0,0,0,0,0
EDN1,ADGRL4,0,0,0,0,0,0,0,0,0
EDN1,CYSLTR1,0,0,0,0,0,0,0,0,0
VEGFD,NRP2,0,0,0,0,0,0,0,0,0.2997284233570099
SEMA3C,NRP2,0,0,0.7175546288490295,0,0,0,0,0,0.14413537085056305
PGF,NRP2,0,0,0,0,0,0,0,0,0.418958842754364
SEMA3G,NRP2,0,0,0,0,0,0,0,0,0
NRP1,FLT1,0,0,0,0,0,0,0,0,0
VEGFD,ITGA2,0,0,0,0,0,0,1.2054699659347534,0.20612210035324097,0
RELN,ITGA2,0,0,0,0,0,0,1.0365420579910278,0.03719417750835419,0
VTN,ITGA2,0,0,0,0,0,0,1.5498225688934326,0.5504746437072754,0
THBS1,ITGA2,1.5453193187713623,0.5459715127944946,0,1.0840611457824707,0.08471326529979706,0,1.3333765268325806,0.3340286314487457,0
THBS2,ITGA2,0,0,0,0,0,0,1.372747540473938,0.3733997046947479,0
VWF,ITGA2,0,0,0,0,0,0,0,0,0
LAMB1,ITGA2,0,0,0,0,0,0,1.7161715030670166,0.7168235778808594,0
LAMA4,ITGA2,0,0,0,0,0,0,1.5364848375320435,0.537136971950531,0
LAMC2,ITGA2,1.799405813217163,0.8000580072402954,0,1.0554817914962769,0.056133877485990524,0,0,0,0
TNC,ITGA2,1.0283080339431763,0.02896014414727688,0,0,0,0,1.225158929824829,0.22581106424331665,0
COL6A3,ITGA2,0,0,0,0,0,0,1.3375024795532227,0.3381545841693878,0
LAMA3,ITGA2,2.0106232166290283,1.0112754106521606,0,1.0536757707595825,0.054327867925167084,0,0,0,0
LAMC3,ITGA2,0,0,0,0,0,0,1.6690001487731934,0.6696522235870361,0
SPP1,ITGA2,0,0,0,1.1951439380645752,0.19579601287841797,0,0,0,0
LAMA2,ITGA2,0,0,0,0,0,0,2.2463364601135254,1.2469885349273682,0
CHAD,ITGA2,1.0235934257507324,0.02424550987780094,0,0,0,0,0,0,0
COL6A6,ITGA2,0,0,0,0,0,0,1.2683392763137817,0.2689913809299469,0
THBS4,ITGA2,0,0,0,0,0,0,0,0,0
SAA1,SCARB1,0,0,0,0,0,0,0,0,0
THBS1,SCARB1,0,0,0,0,0,0,0,0,0
APOE,SCARB1,0,0,0,0,0,0,0,0,0
GAL,GALR2,0,0,0,0,0,0,0,0,0
IL17B,IL17RB,0.026509858667850494,0,0,0,0,0,0,0,0
IL33,IL1RL1,0,0.44283026456832886,0,0,0.02237018197774887,0,0,0.6286799311637878,0
PROK2,PROKR1,0,0,0,0,0,0,0,0,0
NPY,NPY1R,0,0,0,0,0,0,0,0,0.2843679189682007
PYY,NPY1R,0,0,0,0,0,0,0,0,0
NPY,NPY6R,0,0,0,0,0,0,0,0,0
PYY,NPY6R,0,0,0,0,0,0,0,0,0
NPY,GPR83,0,0,0,0,0,0,0,0,0
PYY,GPR83,0,0,0,0,0,0,0,0,0
RLN1,RXFP1,0,0,0,0,0,0,0,0,0.12417023628950119
HP,CD163,0,0,0,0,0,0,0,0,0
PF4,CD163,0,0,0,0,0,0,0,0,0
L1CAM,ITGA4,0,0,0,0,0,0,0,0,0
COL6A5,ITGB1,0,0,0,0,0,0,0.5821670889854431,0.3277091979980469,0.6911776065826416
RELN,ITGA8,0,0,0,0,0,0,0.03660854324698448,0,0.4805578887462616
VTN,ITGA8,0,0,0,0,0,0,0.5498890280723572,0,0.993838369846344
THBS1,ITGA8,0.5453858971595764,0,0.9893352389335632,0.08412763476371765,0,0.5280770063400269,0.3334430158138275,0,0.7773923873901367
THBS2,ITGA8,0,0,0,0,0,0,0.3728140890598297,0,0.8167634010314941
VWF,ITGA8,0,0,0,0,0,0,0,0,0
LAMB1,ITGA8,0,0,0,0,0,0,0.7162379622459412,0,1.1601872444152832
LAMA4,ITGA8,0,0,0,0,0,0,0.5365513563156128,0,0.9805006980895996
LAMC2,ITGA8,0.7994723916053772,0,1.2434217929840088,0.05554824322462082,0,0.49949759244918823,0,0,0
TNC,ITGA8,0.028374509885907173,0,0.47232386469841003,0,0,0,0.22522541880607605,0,0.6691747903823853
COL6A3,ITGA8,0,0,0,0,0,0,0.3375689685344696,0,0.7815183401107788
LAMA3,ITGA8,1.0106897354125977,0,1.454639196395874,0.05374223366379738,0,0.4976915717124939,0,0,0
LAMC3,ITGA8,0,0,0,0,0,0,0.6690666079521179,0,1.11301589012146
SPP1,ITGA8,0,0,0,0.19521038234233856,0,0.6391597390174866,0,0,0
LAMA2,ITGA8,0,0,0,0,0,0,1.2464028596878052,0,1.690352201461792
CHAD,ITGA8,0.023659875616431236,0,0.4676092267036438,0,0,0,0,0,0
COL6A6,ITGA8,0,0,0,0,0,0,0.2684057354927063,0,0.7123550772666931
THBS4,ITGA8,0,0,0,0,0,0,0,0,0
PF4,THBD,0,0,0,0,0,0,0,0,0
FGFR4,PTPRR,0,0,0,0,0,0,0,0,0.028145868331193924
HP,ASGR1,0,0,0,0,0,0,0,0,0
TG,ASGR1,0,0,0,0,0,0,0,0,0
SEMA3D,NRP2,0,0,0,0,0,0,0,0,0.20733091235160828
ADIPOQ,WIF1,0,0,0,0,0,0,0,0,0
OLFM2,ROBO2,0,0,0,0,0,0,0.16397453844547272,0,0.46266502141952515
SLIT3,ROBO2,0,0,0,0,0,0,1.1903774738311768,0,1.4890680313110352
SLIT3,ROBO4,0,0,0,0,0,0,0,0,0
VWF,SCARA5,0,0,0,0,0,0,0,0,0
APOE,TREM2,0,0.0860561653971672,0,0,0.3730524480342865,0,0,0.10011183470487595,0
SLURP1,CHRNA1,0,0,0,0,0,0,0,0,0
LGALS9,HAVCR2,0,0.06281165778636932,0,0,0.07446564733982086,0,0,0.1224980503320694,0
LGALS9,MRC2,0,0,0.8442153334617615,0,0,0.8558692932128906,0,0,0.9039016962051392
LGALS9,COLEC12,0,0,1.3057310581207275,0,0,1.317384958267212,0,0,1.3654173612594604
VCAN,SELL,0,0,0,0,0,0,0,0,0
CD34,SELL,0,0,0,0,0,0,0,0,0
PCSK1N,GPR171,0,0,0,0,0,0,0,0.1847212016582489,0
LAMB1,SV2C,0,0,0,0,0,0,0,0,0.7096520066261292
LAMA4,SV2C,0,0,0,0,0,0,0,0,0.5299654006958008
LAMC2,SV2C,0,0,0.7928864359855652,0,0,0.0489623136818409,0,0,0
LAMA3,SV2C,0,0,1.0041038990020752,0,0,0.047156304121017456,0,0,0
LAMC3,SV2C,0,0,0,0,0,0,0,0,0.6624806523323059
LAMA2,SV2C,0,0,0,0,0,0,0,0,1.2398169040679932
LAMB1,PRNP,0,0,0,0,0,0,1.0781375169754028,0,1.2605464458465576
LAMA4,PRNP,0,0,0,0,0,0,0.8984509110450745,0,1.080859899520874
LAMC2,PRNP,1.1613719463348389,0,1.3437808752059937,0.4174478054046631,0,0.5998567342758179,0,0,0
LAMA3,PRNP,1.372589349746704,0,1.5549982786178589,0.41564178466796875,0,0.5980507135391235,0,0,0
LAMC3,PRNP,0,0,0,0,0,0,1.0309661626815796,0,1.2133750915527344
LAMA2,PRNP,0,0,0,0,0,0,1.608302354812622,0,1.7907114028930664
SLURP1,CHRNB1,0,0,0,0,0,0,0,0,0
SLURP1,CHRNB4,0,0,0,0,0,0,0,0,0
SLURP1,CHRNA2,0,0,0,0,0,0,0,0,0
MIA,CDH19,0,0,0,0,0,0,0,0,0
S100B,AGER,0,0,0,0,0,0,0,0,0
S100A8,AGER,0,0,0,0,0,0,0,0,0
S100A9,AGER,0,0,0,0,0,0,0,0,0
SCGB3A1,MARCO,0,0,0,0,0,0,0,0,0
ANGPTL4,GPIHBP1,0,0,0,0,0,0,0,0,0
CNTN2,CNTN2,0,0,0,0,0,0,0,0,0
S100A8,CD68,0,0,0,0,0,0,0,0,0
S100A9,CD68,0,0,0,0,0,0,0,0,0
SFTPD,LAIR1,0,0.2827206552028656,0,0,0.08381617814302444,0,0,0,0
S100A4,PGLYRP1,0,0,0,0.46563705801963806,0.6046561598777771,0,0,0,0
ALCAM,CD6,0,0.5317761898040771,0,0,0,0,0,0,0
ALCAM,CHL1,0,0,0.4629288911819458,0,0,0,0,0,0
CFP,NCR1,0,0,0,0,0,0,0,0,0
PGLYRP1,TREM1,0,0,0,0,0,0,0,0,0
LGI2,ADAM23,0,0,0,0,0,0,0,0,0.3689644932746887
LGI4,ADAM23,0,0,0,0,0,0,0,0,0.34647679328918457
MMRN2,CD248,0,0,0,0,0,0,0,0,0
MMRN2,CLEC14A,0,0,0,0,0,0,0,0,0
