cluster_1,,immune,immune,stroma,stroma
cluster_2,,immune,stroma,immune,stroma
source,target,,,,
RGS2,TRPV6,0,0,0,0
IGF1,NTRK2,0,0.8334386348724365,0,1.6681536436080933
EGF,NTRK2,0,0,0,0
NGF,NTRK2,0,0,0,1.0553361177444458
CSF1,NTRK2,0,0,0,1.0368156433105469
HGF,NTRK2,0,0.8541767597198486,0,0.9704330563545227
AREG,NTRK2,0,0.8781091570854187,0,0
PDGFA,NTRK2,0,0,0,0.8862133026123047
PDGFB,NTRK2,0,0.902909517288208,0,0
ANGPT2,NTRK2,0,0,0,0.8831877708435059
ANGPT1,NTRK2,0,0,0,0.9522368907928467
ANGPT4,NTRK2,0,0,0,1.2777423858642578
BDNF,NTRK2,0,0,0,0.9716634750366211
EREG,NTRK2,0,0,0,1.0142498016357422
VEGFD,NTRK2,0,0,0,1.456695556640625
FGF5,NTRK2,0,0,0,0
FGF23,NTRK2,0,0,0,0.8488194942474365
PGF,NTRK2,0,0.8492550253868103,0,0.9970552325248718
BDNF,GRIN2A,0,0,0,0.18913152813911438
ANXA1,GRIN2A,0,0,0,0
IFNG,GRIA1,0,0,0,0
BDNF,GRIA1,0,0,0,0.2333984076976776
NTS,GRIA1,0,0,0,0.07765675336122513
LGALS9,PTPRC,0.369504451751709,0,0.35300832986831665,0
LGALS1,PTPRC,0.5350678563117981,0,1.1110683679580688,0
NID1,PTPRF,0,0,0,0
CD80,CTLA4,0.24838295578956604,0,0,0
CD8A,LAT,0,0,0,0
TLN1,ITGB1,0,0.4430164694786072,0,0.3229212164878845
CSF2,ITGB1,0,0,0,0
HGF,ITGB1,0,0.27227267622947693,0,0.3885290026664734
ANGPT1,ITGB1,0,0,0,0.37033283710479736
MDK,ITGB1,0,0,0,1.4451912641525269
FLT4,ITGB1,0,0,0,0
CXCL12,ITGB1,0,0,0,0.931393027305603
VEGFD,ITGB1,0,0,0,0.8747914433479309
RELN,ITGB1,0,0,0,0
VTN,ITGB1,0,0,0,0.47900527715682983
SEMA7A,ITGB1,0,0,0,0
THBS1,ITGB1,0,0.4534122049808502,0,0.4590577483177185
THBS2,ITGB1,0,0,0,1.3496426343917847
VWF,ITGB1,0,0,0,0
VCAM1,ITGB1,0,0,0,0.7837197184562683
VCAN,ITGB1,0,0.28944090008735657,0,1.2093160152435303
LGALS1,ITGB1,0,0.5573915243148804,0,1.1333919763565063
LAMB1,ITGB1,0,0,0,0.8996351361274719
LAMA4,ITGB1,0,0,0,1.0188034772872925
LAMC2,ITGB1,0,0,0,0
NID1,ITGB1,0,0,0,1.330954909324646
TNC,ITGB1,0,0,0,1.0544437170028687
LUM,ITGB1,0,0,0,1.287556529045105
TFF2,ITGB1,0,0,0,0
TFF1,ITGB1,0,0,0,0
COL6A3,ITGB1,0,0,0,1.768433928489685
LAMA3,ITGB1,0,0,0,0
FBLN1,ITGB1,0,0,0,1.5504482984542847
ICAM4,ITGB1,0,0,0,0
LAMC3,ITGB1,0,0,0,0.42713919281959534
SPP1,ITGB1,0,0.657267689704895,0,0.3030466139316559
LAMA2,ITGB1,0,0,0,0.6691456437110901
CHAD,ITGB1,0,0,0,0
SPON2,ITGB1,0,0,0,0.7105518579483032
COL6A6,ITGB1,0,0,0,0.3108157515525818
THBS4,ITGB1,0,0,0,0.43591251969337463
WISP1,ITGB1,0,0,0,1.3299777507781982
CSF3,PLAUR,0,0,0,0
IL1B,PLAUR,0.4765761196613312,0,0,0
KNG1,PLAUR,0,0,0.08059624582529068,0
VTN,PLAUR,0,0,0.2540285587310791,0
IGLC1,FCGR2B,0,0,0,0
CD80,CD3E,0,0,0,0
IL12B,CD3E,0,0,0,0
IGF1,APP,0.15025842189788818,0.25515463948249817,0.9849734306335449,1.0898696184158325
CD40LG,APP,0.1388743370771408,0.2437705546617508,0,0
IAPP,APP,0.12702497839927673,0.23192119598388672,0,0
IL18,APP,0.3106241822242737,0.41552042961120605,0,0
APOE,APP,0.4737051725387573,0.5786014199256897,0.1350240707397461,0.23992028832435608
SPON1,APP,0.25000810623168945,0.3549043536186218,1.2117449045181274,1.316641092300415
KDR,PECAM1,0,0,0,0
IGF1,PDGFRB,0,0.8797768354415894,0,1.714491844177246
KIT,PDGFRB,0,0,0,0
EGF,PDGFRB,0,0,0,0
NGF,PDGFRB,0,0,0,1.1016743183135986
CSF1,PDGFRB,0,0,0,1.0831538438796997
HGF,PDGFRB,0,0.9005149602890015,0,1.0167713165283203
AREG,PDGFRB,0,0.9244473576545715,0,0
PDGFA,PDGFRB,0,0,0,0.9325515031814575
PDGFB,PDGFRB,0,0.9492477178573608,0,0
ANGPT2,PDGFRB,0,0,0,0.9295259714126587
ANGPT1,PDGFRB,0,0,0,0.9985750913619995
ANGPT4,PDGFRB,0,0,0,1.324080467224121
BDNF,PDGFRB,0,0,0,1.018001675605774
EREG,PDGFRB,0,0,0,1.060588002204895
VEGFD,PDGFRB,0,0,0,1.5030336380004883
FGF5,PDGFRB,0,0,0,0
FGF23,PDGFRB,0,0,0,0.8951576948165894
PGF,PDGFRB,0,0.8955932259559631,0,1.0433933734893799
MFGE8,PDGFRB,0,0,0,1.3289893865585327
CD80,CD28,0,0,0,0
IL2,CD28,0,0,0,0
IL12A,CD28,0,0,0,0
CD8A,CD28,0,0,0,0
CD80,CD3G,0,0,0,0
GZMA,F2R,0,0,0,0
PRSS2,F2R,0,0,0,0
IGF1,KIT,0,0,0,0
EGF,KIT,0,0,0,0
NGF,KIT,0,0,0,0
CSF1,KIT,0,0,0,0
HGF,KIT,0,0,0,0
AREG,KIT,0,0,0,0
PDGFA,KIT,0,0,0,0
PDGFB,KIT,0,0,0,0
ANGPT2,KIT,0,0,0,0
ANGPT1,KIT,0,0,0,0
ANGPT4,KIT,0,0,0,0
BDNF,KIT,0,0,0,0
EREG,KIT,0,0,0,0
VEGFD,KIT,0,0,0,0
FGF5,KIT,0,0,0,0
FGF23,KIT,0,0,0,0
PGF,KIT,0,0,0,0
SAA1,CD36,0,0,0.04603838548064232,0
THBS1,CD36,0.25722038745880127,0,0.26286590099334717,0
THBS2,CD36,0,0,1.153450846672058,0
S100A8,CD36,0,0,0,0
S100A9,CD36,0,0,0,0
THBS4,CD36,0,0,0.23972070217132568,0
KIT,CSF2RB,0,0,0,0
CSF3,CSF2RB,0,0,0,0
CSF2,CSF2RB,0,0,0,0
IL5,CSF2RB,0.4667522609233856,0,0,0
KDR,CSF2RB,0,0,0,0
TSLP,IL7R,0,0,0.26331302523612976,0
IL7,IL7R,0,0,0,0
IL6,IL2RB,0,0,0,0
IL2,IL2RB,0,0,0,0
IL1RN,IL2RB,0,0,0,0
CD8A,IL2RB,0,0,0,0
IGF1,KDR,0,0,0,0
IL6,KDR,0,0,0,0
EGF,KDR,0,0,0,0
NGF,KDR,0,0,0,0
CSF1,KDR,0,0,0,0
HGF,KDR,0,0,0,0
AREG,KDR,0,0,0,0
PDGFA,KDR,0,0,0,0
PDGFB,KDR,0,0,0,0
ANGPT2,KDR,0,0,0,0
ANGPT1,KDR,0,0,0,0
ANGPT4,KDR,0,0,0,0
FLT4,KDR,0,0,0,0
BDNF,KDR,0,0,0,0
EREG,KDR,0,0,0,0
VEGFD,KDR,0,0,0,0
PTHLH,KDR,0,0,0,0
VTN,KDR,0,0,0,0
FGF5,KDR,0,0,0,0
FGF23,KDR,0,0,0,0
PGF,KDR,0,0,0,0
GREM1,KDR,0,0,0,0
NRP1,KDR,0,0,0,0
MDK,PTPRZ1,0,0,0,0
PTN,PTPRZ1,0,0,0,0
L1CAM,PTPRZ1,0,0,0,0
TNC,PTPRZ1,0,0,0,0
HGF,CD44,0.26766008138656616,0.08943427354097366,0.38391637802124023,0.20569057762622833
TNF,CD44,0.4465892016887665,0.2683633863925934,0,0
HBEGF,CD44,0,0,0,0
LGALS9,CD44,0.3872155547142029,0.2089897245168686,0.37071943283081055,0.19249360263347626
VCAN,CD44,0.2848283052444458,0.10660248249769211,1.204703450202942,1.0264776945114136
LAMB1,CD44,0,0,0.8950225114822388,0.7167966961860657
LAMA4,CD44,0,0,1.014190912246704,0.835965096950531
LAMC2,CD44,0,0,0,0
COL6A3,CD44,0,0,1.7638213634490967,1.5855956077575684
LAMA3,CD44,0,0,0,0
LAMC3,CD44,0,0,0.42252659797668457,0.24430078268051147
SPP1,CD44,0.6526551246643066,0.47442930936813354,0.2984340190887451,0.12020821124315262
LAMA2,CD44,0,0,0.6645330786705017,0.4863072633743286
PRG4,CD44,0,0,0.5612898468971252,0.38306403160095215
COL6A5,CD44,0,0,0.44552695751190186,0.26730114221572876
COL6A6,CD44,0,0,0.306203156709671,0.12797734141349792
RELN,ITGB6,0,0,0,0
VTN,ITGB6,0,0,0,0
THBS1,ITGB6,0,0,0,0
THBS2,ITGB6,0,0,0,0
VWF,ITGB6,0,0,0,0
LAMB1,ITGB6,0,0,0,0
LAMA4,ITGB6,0,0,0,0
LAMC2,ITGB6,0,0,0,0
TNC,ITGB6,0,0,0,0
COL6A3,ITGB6,0,0,0,0
LAMA3,ITGB6,0,0,0,0
LAMC3,ITGB6,0,0,0,0
SPP1,ITGB6,0,0,0,0
LAMA2,ITGB6,0,0,0,0
CHAD,ITGB6,0,0,0,0
COL6A6,ITGB6,0,0,0,0
THBS4,ITGB6,0,0,0,0
IGF1,EPHB1,0,0,0,0
EGF,EPHB1,0,0,0,0
NGF,EPHB1,0,0,0,0
CSF1,EPHB1,0,0,0,0
HGF,EPHB1,0,0,0,0
AREG,EPHB1,0,0,0,0
PDGFA,EPHB1,0,0,0,0
PDGFB,EPHB1,0,0,0,0
EFNB3,EPHB1,0,0,0,0
ANGPT2,EPHB1,0,0,0,0
ANGPT1,EPHB1,0,0,0,0
ANGPT4,EPHB1,0,0,0,0
BDNF,EPHB1,0,0,0,0
EREG,EPHB1,0,0,0,0
VEGFD,EPHB1,0,0,0,0
FGF5,EPHB1,0,0,0,0
FGF23,EPHB1,0,0,0,0
PGF,EPHB1,0,0,0,0
IGF1,EPHA2,0,0,0,0
EGF,EPHA2,0,0,0,0
NGF,EPHA2,0,0,0,0
CSF1,EPHA2,0,0,0,0
HGF,EPHA2,0,0,0,0
TNF,EPHA2,0,0,0,0
AREG,EPHA2,0,0,0,0
PDGFA,EPHA2,0,0,0,0
PDGFB,EPHA2,0,0,0,0
ANGPT2,EPHA2,0,0,0,0
ANGPT1,EPHA2,0,0,0,0
ANGPT4,EPHA2,0,0,0,0
BDNF,EPHA2,0,0,0,0
EREG,EPHA2,0,0,0,0
VEGFD,EPHA2,0,0,0,0
FGF5,EPHA2,0,0,0,0
FGF23,EPHA2,0,0,0,0
PGF,EPHA2,0,0,0,0
TLN1,ITGB5,0.6766526699066162,0.6620728969573975,0.5565573573112488,0.5419776439666748
RELN,ITGB5,0,0,0,0
VTN,ITGB5,0,0,0.7126414775848389,0.6980617046356201
THBS1,ITGB5,0.6870483756065369,0.6724686622619629,0.6926938891410828,0.6781141757965088
THBS2,ITGB5,0,0,1.5832788944244385,1.5686991214752197
VWF,ITGB5,0,0,0,0
LAMB1,ITGB5,0,0,1.1332712173461914,1.1186915636062622
LAMA4,ITGB5,0,0,1.2524397373199463,1.2378599643707275
LAMC2,ITGB5,0,0,0,0
TNC,ITGB5,0,0,1.2880799770355225,1.2735002040863037
COL6A3,ITGB5,0,0,2.002070188522339,1.9874904155731201
LAMA3,ITGB5,0,0,0,0
LAMC3,ITGB5,0,0,0.660775363445282,0.646195650100708
SPP1,ITGB5,0.8909038305282593,0.8763241767883301,0.5366827845573425,0.5221030712127686
CYR61,ITGB5,0,0,0.5310656428337097,0.5164859294891357
LAMA2,ITGB5,0,0,0.9027818441390991,0.8882020711898804
EDIL3,ITGB5,0.48940983414649963,0.47483012080192566,0.4907263219356537,0.4761466085910797
CHAD,ITGB5,0,0,0,0
COL6A6,ITGB5,0,0,0.544451892375946,0.5298721790313721
THBS4,ITGB5,0,0,0.6695486903190613,0.6549689769744873
IGF1,FGFR1,0,0.8910781145095825,0,1.7257931232452393
EGF,FGFR1,0,0,0,0
NGF,FGFR1,0,0,0,1.1129755973815918
CSF1,FGFR1,0,0,0,1.0944551229476929
HGF,FGFR1,0,0.9118162393569946,0,1.0280725955963135
AREG,FGFR1,0,0.9357486367225647,0,0
PDGFA,FGFR1,0,0,0,0.9438527822494507
PDGFB,FGFR1,0,0.960548996925354,0,0
ANGPT2,FGFR1,0,0,0,0.9408272504806519
ANGPT1,FGFR1,0,0,0,1.0098763704299927
ANGPT4,FGFR1,0,0,0,1.3353817462921143
BDNF,FGFR1,0,0,0,1.029302954673767
EREG,FGFR1,0,0,0,1.0718892812728882
VEGFD,FGFR1,0,0,0,1.5143349170684814
FGF5,FGFR1,0,0,0,0
FGF23,FGFR1,0,0,0,0.9064589738845825
PGF,FGFR1,0,0.9068945050239563,0,1.054694652557373
IGF1,FGFR4,0,0.03407745808362961,0,0.8687924742698669
EGF,FGFR4,0,0,0,0
NGF,FGFR4,0,0,0,0.2559749484062195
CSF1,FGFR4,0,0,0,0.23745447397232056
HGF,FGFR4,0,0.054815590381622314,0,0.1710718870162964
AREG,FGFR4,0,0.07874798774719238,0,0
PDGFA,FGFR4,0,0,0,0.08685214817523956
PDGFB,FGFR4,0,0.10354835540056229,0,0
ANGPT2,FGFR4,0,0,0,0.08382663875818253
ANGPT1,FGFR4,0,0,0,0.15287573635578156
ANGPT4,FGFR4,0,0,0,0.4783811569213867
BDNF,FGFR4,0,0,0,0.17230229079723358
EREG,FGFR4,0,0,0,0.21488867700099945
VEGFD,FGFR4,0,0,0,0.6573343276977539
FGF5,FGFR4,0,0,0,0
FGF23,FGFR4,0,0,0,0.049458324909210205
PGF,FGFR4,0,0.049893878400325775,0,0.1976940631866455
PDGFA,FURIN,0,0,0.23059606552124023,0
IGF1,FLT4,0,0,0,0
EGF,FLT4,0,0,0,0
NGF,FLT4,0,0,0,0
CSF1,FLT4,0,0,0,0
HGF,FLT4,0,0,0,0
TNF,FLT4,0,0,0,0
AREG,FLT4,0,0,0,0
PDGFA,FLT4,0,0,0,0
PDGFB,FLT4,0,0,0,0
ANGPT2,FLT4,0,0,0,0
ANGPT1,FLT4,0,0,0,0
ANGPT4,FLT4,0,0,0,0
KDR,FLT4,0,0,0,0
BDNF,FLT4,0,0,0,0
EREG,FLT4,0,0,0,0
VEGFD,FLT4,0,0,0,0
VTN,FLT4,0,0,0,0
FGF5,FLT4,0,0,0,0
FGF23,FLT4,0,0,0,0
PGF,FLT4,0,0,0,0
IL6,NOTCH3,0,0,0,0.7488298416137695
DLL4,NOTCH3,0,0,0,0
THBS2,NOTCH3,0,0,0,1.3470618724822998
DLK1,NOTCH3,0,0,0,0.29317882657051086
SCGB3A1,NOTCH3,0,0,0,0
IGF1,TIE1,0,0,0,0
EGF,TIE1,0,0,0,0
NGF,TIE1,0,0,0,0
CSF1,TIE1,0,0,0,0
HGF,TIE1,0,0,0,0
AREG,TIE1,0,0,0,0
PDGFA,TIE1,0,0,0,0
PDGFB,TIE1,0,0,0,0
ANGPT2,TIE1,0,0,0,0
ANGPT1,TIE1,0,0,0,0
ANGPT4,TIE1,0,0,0,0
BDNF,TIE1,0,0,0,0
EREG,TIE1,0,0,0,0
VEGFD,TIE1,0,0,0,0
FGF5,TIE1,0,0,0,0
FGF23,TIE1,0,0,0,0
PGF,TIE1,0,0,0,0
ANGPTL4,TIE1,0,0,0,0
IGF1,AXL,0.26515746116638184,0.5562083125114441,1.0998724699020386,1.390923261642456
EGF,AXL,0,0,0,0
NGF,AXL,0,0,0.4870549738407135,0.7781057953834534
CSF1,AXL,0,0,0.4685344994068146,0.7595853209495544
HGF,AXL,0.28589561581611633,0.5769464373588562,0.4021519124507904,0.6932027339935303
AREG,AXL,0.3098280131816864,0.6008788347244263,0,0
PDGFA,AXL,0,0,0.3179321587085724,0.6089829802513123
PDGFB,AXL,0.3346283733844757,0.6256791949272156,0,0
ANGPT2,AXL,0,0,0.31490665674209595,0.6059575080871582
ANGPT1,AXL,0,0,0.38395577669143677,0.6750065684318542
ANGPT4,AXL,0,0,0.7094612121582031,1.0005120038986206
GAS6,AXL,0,0,0.6620601415634155,0.953110933303833
BDNF,AXL,0,0,0.4033823013305664,0.6944331526756287
EREG,AXL,0,0,0.4459686875343323,0.7370195388793945
VEGFD,AXL,0,0,0.8884143829345703,1.1794651746749878
FGF5,AXL,0,0,0,0
FGF23,AXL,0,0,0.2805383503437042,0.5715891718864441
PGF,AXL,0.2809739112854004,0.5720247030258179,0.4287740886211395,0.7198249101638794
IGF1,EPHA7,0,0.35377436876296997,0,1.1884894371032715
WNT5A,EPHA7,0,0,0,0.7728379964828491
EGF,EPHA7,0,0,0,0
NGF,EPHA7,0,0,0,0.5756718516349792
CSF1,EPHA7,0,0,0,0.5571513772010803
HGF,EPHA7,0,0.3745124936103821,0,0.49076879024505615
AREG,EPHA7,0,0.39844489097595215,0,0
PDGFA,EPHA7,0,0,0,0.40654903650283813
PDGFB,EPHA7,0,0.42324525117874146,0,0
ANGPT2,EPHA7,0,0,0,0.4035235345363617
ANGPT1,EPHA7,0,0,0,0.4725726246833801
ANGPT4,EPHA7,0,0,0,0.7980780601501465
BDNF,EPHA7,0,0,0,0.49199920892715454
AFDN,EPHA7,0,0,0,0
EREG,EPHA7,0,0,0,0.5345855951309204
VEGFD,EPHA7,0,0,0,0.9770312309265137
FGF5,EPHA7,0,0,0,0
FGF23,EPHA7,0,0,0,0.36915522813796997
PGF,EPHA7,0,0.36959078907966614,0,0.5173909664154053
IGF1,EPHA5,0,0,0,0
EGF,EPHA5,0,0,0,0
NGF,EPHA5,0,0,0,0
CSF1,EPHA5,0,0,0,0
HGF,EPHA5,0,0,0,0
AREG,EPHA5,0,0,0,0
PDGFA,EPHA5,0,0,0,0
PDGFB,EPHA5,0,0,0,0
ANGPT2,EPHA5,0,0,0,0
ANGPT1,EPHA5,0,0,0,0
ANGPT4,EPHA5,0,0,0,0
BDNF,EPHA5,0,0,0,0
EREG,EPHA5,0,0,0,0
VEGFD,EPHA5,0,0,0,0
FGF5,EPHA5,0,0,0,0
FGF23,EPHA5,0,0,0,0
PGF,EPHA5,0,0,0,0
IGF1,INSRR,0,0.05634159594774246,0,0.8910565972328186
EGF,INSRR,0,0,0,0
NGF,INSRR,0,0,0,0.27823910117149353
CSF1,INSRR,0,0,0,0.2597186267375946
HGF,INSRR,0,0.07707972824573517,0,0.19333603978157043
AREG,INSRR,0,0.10101212561130524,0,0
PDGFA,INSRR,0,0,0,0.10911628603935242
PDGFB,INSRR,0,0.12581250071525574,0,0
ANGPT2,INSRR,0,0,0,0.10609077662229538
ANGPT1,INSRR,0,0,0,0.1751398742198944
ANGPT4,INSRR,0,0,0,0.5006452798843384
BDNF,INSRR,0,0,0,0.19456642866134644
EREG,INSRR,0,0,0,0.2371528148651123
VEGFD,INSRR,0,0,0,0.6795984506607056
FGF5,INSRR,0,0,0,0
FGF23,INSRR,0,0,0,0.07172246277332306
PGF,INSRR,0,0.07215802371501923,0,0.21995821595191956
IGF1,PDGFRA,0,0.8364822268486023,0,1.6711971759796143
EGF,PDGFRA,0,0,0,0
NGF,PDGFRA,0,0,0,1.0583796501159668
CSF1,PDGFRA,0,0,0,1.0398592948913574
HGF,PDGFRA,0,0.8572203516960144,0,0.9734766483306885
AREG,PDGFRA,0,0.8811527490615845,0,0
PDGFA,PDGFRA,0,0,0,0.8892568945884705
PDGFB,PDGFRA,0,0.9059531092643738,0,0
ANGPT2,PDGFRA,0,0,0,0.8862314224243164
ANGPT1,PDGFRA,0,0,0,0.9552804827690125
ANGPT4,PDGFRA,0,0,0,1.2807859182357788
BDNF,PDGFRA,0,0,0,0.9747070670127869
EREG,PDGFRA,0,0,0,1.0172934532165527
VEGFD,PDGFRA,0,0,0,1.459739089012146
FGF5,PDGFRA,0,0,0,0
FGF23,PDGFRA,0,0,0,0.8518630862236023
PGF,PDGFRA,0,0.8522986173629761,0,1.0000988245010376
IGF1,CSF1R,0.8616055250167847,0,1.6963205337524414,0
EGF,CSF1R,0,0,0,0
NGF,CSF1R,0,0,1.083503007888794,0
CSF1,CSF1R,0,0,1.064982533454895,0
CSF3,CSF1R,0,0,0,0
CSF2,CSF1R,0,0,0,0
HGF,CSF1R,0.8823436498641968,0,0.9985999464988708,0
AREG,CSF1R,0.9062760472297668,0,0,0
PDGFA,CSF1R,0,0,0.9143801927566528,0
PDGFB,CSF1R,0.9310764074325562,0,0,0
ANGPT2,CSF1R,0,0,0.911354660987854,0
ANGPT1,CSF1R,0,0,0.9804037809371948,0
ANGPT4,CSF1R,0,0,1.3059091567993164,0
BDNF,CSF1R,0,0,0.9998303651809692,0
EREG,CSF1R,0,0,1.0424166917800903,0
VEGFD,CSF1R,0,0,1.4848623275756836,0
FGF5,CSF1R,0,0,0,0
FGF23,CSF1R,0,0,0.8769863843917847,0
PGF,CSF1R,0.8774219155311584,0,1.0252220630645752,0
IGF1,DDR2,0,0.7429652214050293,0,1.577680230140686
EGF,DDR2,0,0,0,0
NGF,DDR2,0,0,0,0.9648627042770386
CSF1,DDR2,0,0,0,0.9463422298431396
HGF,DDR2,0,0.7637033462524414,0,0.8799596428871155
AREG,DDR2,0,0.7876357436180115,0,0
PDGFA,DDR2,0,0,0,0.7957398891448975
PDGFB,DDR2,0,0.8124361038208008,0,0
ANGPT2,DDR2,0,0,0,0.7927143573760986
ANGPT1,DDR2,0,0,0,0.8617634773254395
ANGPT4,DDR2,0,0,0,1.1872689723968506
BDNF,DDR2,0,0,0,0.8811900615692139
EREG,DDR2,0,0,0,0.9237764477729797
VEGFD,DDR2,0,0,0,1.3662221431732178
FGF5,DDR2,0,0,0,0
FGF23,DDR2,0,0,0,0.7583460807800293
PGF,DDR2,0,0.7587816119194031,0,0.9065818190574646
IGF1,RET,0,0,0,0
EGF,RET,0,0,0,0
NGF,RET,0,0,0,0
CSF1,RET,0,0,0,0
HGF,RET,0,0,0,0
AREG,RET,0,0,0,0
PDGFA,RET,0,0,0,0
PDGFB,RET,0,0,0,0
ANGPT2,RET,0,0,0,0
ANGPT1,RET,0,0,0,0
ANGPT4,RET,0,0,0,0
GDNF,RET,0,0,0,0
BDNF,RET,0,0,0,0
AGT,RET,0,0,0,0
EREG,RET,0,0,0,0
VEGFD,RET,0,0,0,0
GDF15,RET,0,0,0,0
FGFR4,RET,0,0,0,0
FGF5,RET,0,0,0,0
FGF23,RET,0,0,0,0
PGF,RET,0,0,0,0
LGALS1,RET,0,0,0,0
IGF1,FLT1,0,0,0,0
EGF,FLT1,0,0,0,0
NGF,FLT1,0,0,0,0
CSF1,FLT1,0,0,0,0
CSF2,FLT1,0,0,0,0
HGF,FLT1,0,0,0,0
AREG,FLT1,0,0,0,0
PDGFA,FLT1,0,0,0,0
PDGFB,FLT1,0,0,0,0
ANGPT2,FLT1,0,0,0,0
ANGPT1,FLT1,0,0,0,0
ANGPT4,FLT1,0,0,0,0
KDR,FLT1,0,0,0,0
FLT4,FLT1,0,0,0,0
BDNF,FLT1,0,0,0,0
EREG,FLT1,0,0,0,0
VEGFD,FLT1,0,0,0,0
FGF5,FLT1,0,0,0,0
FGF23,FLT1,0,0,0,0
PGF,FLT1,0,0,0,0
TNF,TRPM2,0.25875163078308105,0,0,0
EGF,HSP90AB1,0,0,0,0
IL4,LGALS3,0,0,0,0
MUC1,LGALS3,0,0,0,0
CSF2,LGALS3,0,0,0,0
TNF,NR3C1,0,0,0,0
RLN1,NR3C1,0,0,0,0
GC,NR3C1,0,0,0,0
HGF,THBS1,0.27220550179481506,0.27785104513168335,0.3884618282318115,0.3941073417663574
IL18,THBS1,0.41183316707611084,0.41747868061065674,0,0
VWF,THBS1,0,0,0,0
IGF1,ITGAV,0,0,0,0
NRG1,ITGAV,0,0,0,0
PTN,ITGAV,0,0,0,0
L1CAM,ITGAV,0,0,0,0
VTN,ITGAV,0,0,0,0
THBS1,ITGAV,0,0,0,0
THBS2,ITGAV,0,0,0,0
CTGF,ITGAV,0,0,0,0
VWF,ITGAV,0,0,0,0
PECAM1,ITGAV,0,0,0,0
TNC,ITGAV,0,0,0,0
MFGE8,ITGAV,0,0,0,0
ANGPTL4,ITGAV,0,0,0,0
DMP1,ITGAV,0,0,0,0
ICAM4,ITGAV,0,0,0,0
SPP1,ITGAV,0,0,0,0
CYR61,ITGAV,0,0,0,0
EDIL3,ITGAV,0,0,0,0
POSTN,ITGAV,0,0,0,0
THBS4,ITGAV,0,0,0,0
CCL2,CCR2,1.0718574523925781,0,1.1828694343566895,0
CXCL9,CCR2,0,0,0.6589759588241577,0
CCL5,CCR2,0,0,0,0
CCL8,CCR2,0.9601441621780396,0,0.6549246311187744,0
CCL4,CCR2,0.8066461682319641,0,0,0
CD40LG,CCR2,0.6430633068084717,0,0,0
CXCL10,CCR2,0,0,0.8839714527130127,0
CXCL12,CCR2,0,0,1.334305763244629,0
CCL3,CCR2,0.8236935138702393,0,0,0
CCL7,CCR2,1.1016349792480469,0,1.1285762786865234,0
CCL11,CCR2,0,0,0.7997481822967529,0
CCL24,CCR2,0.8473258018493652,0,0,0
CCL17,CCR2,0.7275676727294922,0,0,0
CCL22,CCR2,0.6903405785560608,0,0,0
CCL20,CCR2,0,0,0,0
CCL1,CCR2,0,0,0,0
CXCL1,CCR2,0.761394739151001,0,1.2130405902862549,0
CXCL2,CCR2,1.0553661584854126,0,0.6380010843276978,0
CXCL3,CCR2,0.7894453406333923,0,0,0
CXCL5,CCR2,0,0,0.6993506550788879,0
PPBP,CCR2,0.6469968557357788,0,0,0
CXCL13,CCR2,0,0,0.7412929534912109,0
XCL1,CCR2,0,0,0,0
PF4,CCR2,1.409348726272583,0,0,0
CXCL14,CCR2,0.6349174976348877,0,1.4744627475738525,0
CYTL1,CCR2,0,0,0,0
MSMP,CCR2,0,0,0,0
CCL2,CCR3,0.4538756310939789,0,0.5648877024650574,0
CXCL9,CCR3,0,0,0.040994178503751755,0
CCL5,CCR3,0,0,0,0
CCL8,CCR3,0.3421623706817627,0,0.036942847073078156,0
CCL4,CCR3,0.18866437673568726,0,0,0
IL4,CCR3,0,0,0,0
CXCL10,CCR3,0,0,0.26598963141441345,0
IL2,CCR3,0,0,0,0
CXCL12,CCR3,0,0,0.7163240313529968,0
CCL3,CCR3,0.2057117074728012,0,0,0
CCL7,CCR3,0.48365312814712524,0,0.5105944275856018,0
CCL11,CCR3,0,0,0.18176640570163727,0
CCL24,CCR3,0.22934402525424957,0,0,0
CCL17,CCR3,0.10958584398031235,0,0,0
CCL22,CCR3,0.07235877960920334,0,0,0
CCL20,CCR3,0,0,0,0
CCL1,CCR3,0,0,0,0
CXCL1,CCR3,0.14341294765472412,0,0.5950587391853333,0
CXCL2,CCR3,0.43738433718681335,0,0.02001931332051754,0
CXCL3,CCR3,0.17146354913711548,0,0,0
CXCL5,CCR3,0,0,0.08136886358261108,0
PPBP,CCR3,0.029015086591243744,0,0,0
CXCL13,CCR3,0,0,0.12331115454435349,0
XCL1,CCR3,0,0,0,0
PF4,CCR3,0.7913668751716614,0,0,0
CXCL14,CCR3,0.01693572849035263,0,0.8564810156822205,0
CCL2,CCR5,0.9857537746429443,0,1.0967658758163452,0
CXCL9,CCR5,0,0,0.5728723406791687,0
CCL5,CCR5,0,0,0,0
CCL8,CCR5,0.8740405440330505,0,0.5688210129737854,0
CCL4,CCR5,0.7205425500869751,0,0,0
CXCL10,CCR5,0,0,0.7978677749633789,0
IL2,CCR5,0,0,0,0
IL12A,CCR5,0.5439153909683228,0,0,0
CXCL12,CCR5,0,0,1.2482022047042847,0
CCL3,CCR5,0.7375898957252502,0,0,0
CCL7,CCR5,1.015531301498413,0,1.0424726009368896,0
CCL11,CCR5,0,0,0.7136445641517639,0
CCL24,CCR5,0.7612221837043762,0,0,0
CCL17,CCR5,0.6414639949798584,0,0,0
CCL22,CCR5,0.6042369604110718,0,0,0
CCL20,CCR5,0,0,0,0
CCL1,CCR5,0,0,0,0
CXCL1,CCR5,0.675291121006012,0,1.126936912536621,0
CXCL2,CCR5,0.9692624807357788,0,0.5518974661827087,0
CXCL3,CCR5,0.7033417224884033,0,0,0
CXCL5,CCR5,0,0,0.6132470369338989,0
PPBP,CCR5,0.5608932375907898,0,0,0
CXCL13,CCR5,0,0,0.6551893353462219,0
IL12B,CCR5,0.5473540425300598,0,0,0
IL18,CCR5,0.7287095189094543,0,0,0
XCL1,CCR5,0,0,0,0
ORM1,CCR5,0,0,0,0
PF4,CCR5,1.3232450485229492,0,0,0
CXCL14,CCR5,0.5488138794898987,0,1.3883591890335083,0
S100A4,CCR5,0.7399800419807434,0,0,0
CCL2,CCR1,0.752453088760376,0,0.8634651899337769,0
IL10,CCR1,0.7162729501724243,0,0,0
CXCL9,CCR1,0,0,0.33957168459892273,0
CCL5,CCR1,0,0,0,0
CCL8,CCR1,0.6407398581504822,0,0.33552032709121704,0
CCL4,CCR1,0.48724186420440674,0,0,0
CXCL10,CCR1,0,0,0.5645670890808105,0
CSF2,CCR1,0,0,0,0
CXCL12,CCR1,0,0,1.0149015188217163,0
CCL3,CCR1,0.5042892098426819,0,0,0
CCL7,CCR1,0.7822306156158447,0,0.8091719150543213,0
CCL11,CCR1,0,0,0.48034387826919556,0
CCL24,CCR1,0.5279214978218079,0,0,0
CCL17,CCR1,0.4081633388996124,0,0,0
CCL22,CCR1,0.3709362745285034,0,0,0
CCL20,CCR1,0,0,0,0
CCL1,CCR1,0,0,0,0
CXCL1,CCR1,0.4419904351234436,0,0.8936362266540527,0
CXCL2,CCR1,0.7359617948532104,0,0.31859681010246277,0
CXCL3,CCR1,0.47004103660583496,0,0,0
CXCL5,CCR1,0,0,0.37994635105133057,0
PPBP,CCR1,0.3275925815105438,0,0,0
CXCL13,CCR1,0,0,0.42188864946365356,0
XCL1,CCR1,0,0,0,0
PF4,CCR1,1.0899443626403809,0,0,0
CXCL14,CCR1,0.3155132234096527,0,1.15505850315094,0
CCL2,ACKR1,0,0.47531068325042725,0,0.5863227248191833
CXCL9,ACKR1,0,0,0,0.06242922320961952
CCL5,ACKR1,0,0,0,0
CCL8,ACKR1,0,0.36359739303588867,0,0.05837789177894592
CXCL10,ACKR1,0,0,0,0.2874246835708618
CCL7,ACKR1,0,0.5050881505012512,0,0.5320294499397278
CCL11,ACKR1,0,0,0,0.20320144295692444
CCL17,ACKR1,0,0.13102088868618011,0,0
CCL22,ACKR1,0,0.0937938243150711,0,0
CCL1,ACKR1,0,0,0,0
CXCL1,ACKR1,0,0.1648479849100113,0,0.6164937615394592
CXCL2,ACKR1,0,0.4588193893432617,0,0.04145435616374016
CXCL3,ACKR1,0,0.19289858639240265,0,0
CXCL5,ACKR1,0,0,0,0.10280390828847885
PPBP,ACKR1,0,0.05045013129711151,0,0
CXCL13,ACKR1,0,0,0,0.14474619925022125
PF4,ACKR1,0,0.8128018975257874,0,0
CCL2,ACKR2,0,0,0,0
CCL5,ACKR2,0,0,0,0
CCL8,ACKR2,0,0,0,0
CCL4,ACKR2,0,0,0,0
CCL3,ACKR2,0,0,0,0
CCL7,ACKR2,0,0,0,0
CCL11,ACKR2,0,0,0,0
CCL24,ACKR2,0,0,0,0
CCL17,ACKR2,0,0,0,0
CCL22,ACKR2,0,0,0,0
CCL2,CXCR1,0,0,0,0
CXCL9,CXCR1,0,0,0,0
CCL5,CXCR1,0,0,0,0
CCL8,CXCR1,0,0,0,0
CCL4,CXCR1,0,0,0,0
CXCL10,CXCR1,0,0,0,0
CXCL12,CXCR1,0,0,0,0
CCL3,CXCR1,0,0,0,0
CCL7,CXCR1,0,0,0,0
CCL11,CXCR1,0,0,0,0
CCL24,CXCR1,0,0,0,0
CCL17,CXCR1,0,0,0,0
CCL22,CXCR1,0,0,0,0
CCL20,CXCR1,0,0,0,0
CCL1,CXCR1,0,0,0,0
CXCL1,CXCR1,0,0,0,0
CXCL2,CXCR1,0,0,0,0
CXCL3,CXCR1,0,0,0,0
CXCL5,CXCR1,0,0,0,0
PPBP,CXCR1,0,0,0,0
CXCL13,CXCR1,0,0,0,0
XCL1,CXCR1,0,0,0,0
PF4,CXCR1,0,0,0,0
CXCL14,CXCR1,0,0,0,0
CCL2,TNF,0.6666670441627502,0,0.7776790857315063,0
IFNG,TNF,0,0,0,0
CSF1,TNF,0,0,0.45263397693634033,0
CSF3,TNF,0,0,0,0
CSF2,TNF,0,0,0,0
HGF,TNF,0.2699950933456421,0,0.38625138998031616,0
ANGPT1,TNF,0,0,0.3680552542209625,0
IL12B,TNF,0.22826725244522095,0,0,0
IL17A,TNF,0,0,0,0
ADIPOQ,TNF,0,0,0.2319614142179489,0
S100B,TNF,0,0,0.2551274597644806,0
STC1,TNF,0,0,0.2773210108280182,0
CCL2,CXCR6,0,0,0,0
CXCL9,CXCR6,0,0,0,0
CCL5,CXCR6,0,0,0,0
CCL8,CXCR6,0,0,0,0
CCL4,CXCR6,0,0,0,0
CXCL10,CXCR6,0,0,0,0
CXCL12,CXCR6,0,0,0,0
CCL3,CXCR6,0,0,0,0
CCL7,CXCR6,0,0,0,0
CCL11,CXCR6,0,0,0,0
CCL24,CXCR6,0,0,0,0
CCL17,CXCR6,0,0,0,0
CCL22,CXCR6,0,0,0,0
CCL20,CXCR6,0,0,0,0
CCL1,CXCR6,0,0,0,0
CXCL1,CXCR6,0,0,0,0
CXCL2,CXCR6,0,0,0,0
CXCL3,CXCR6,0,0,0,0
CXCL5,CXCR6,0,0,0,0
PPBP,CXCR6,0,0,0,0
CXCL13,CXCR6,0,0,0,0
XCL1,CXCR6,0,0,0,0
PF4,CXCR6,0,0,0,0
CXCL14,CXCR6,0,0,0,0
CCL2,F3,0,0,0,0
IL10,F3,0,0,0,0
IL6,F3,0,0,0,0
CD40LG,F3,0,0,0,0
HGF,F3,0,0,0,0
TNF,F3,0,0,0,0
OSM,F3,0,0,0,0
SAA1,F3,0,0,0,0
SST,F3,0,0,0,0
ADIPOQ,F3,0,0,0,0
ORM1,F3,0,0,0,0
CCL2,CCR6,0.4685022830963135,0,0.5795143842697144,0
IFNG,CCR6,0,0,0,0
CXCL9,CCR6,0,0,0.055620841681957245,0
CCL5,CCR6,0,0,0,0
CCL8,CCR6,0.3567890226840973,0,0.051569510251283646,0
CCL4,CCR6,0.20329102873802185,0,0,0
CXCL10,CCR6,0,0,0.28061628341674805,0
CXCL12,CCR6,0,0,0.7309507131576538,0
CCL3,CCR6,0.2203383594751358,0,0,0
CCL7,CCR6,0.49827978014945984,0,0.5252211093902588,0
CCL11,CCR6,0,0,0.19639305770397186,0
CCL24,CCR6,0.24397067725658417,0,0,0
CCL17,CCR6,0.12421251088380814,0,0,0
CCL22,CCR6,0.08698544651269913,0,0,0
CCL20,CCR6,0,0,0,0
CCL1,CCR6,0,0,0,0
CXCL1,CCR6,0.15803959965705872,0,0.6096854209899902,0
CXCL2,CCR6,0.45201098918914795,0,0.03464597836136818,0
CXCL3,CCR6,0.18609020113945007,0,0,0
CXCL5,CCR6,0,0,0.09599553048610687,0
PPBP,CCR6,0.043641749769449234,0,0,0
CXCL13,CCR6,0,0,0.13793781399726868,0
XCL1,CCR6,0,0,0,0
PF4,CCR6,0.8059935569763184,0,0,0
DEFB1,CCR6,0,0,0,0
CXCL14,CCR6,0.03156239166855812,0,0.8711076974868774,0
CCL2,CXCR4,0.4974052309989929,0,0.608417272567749,0
KIT,CXCR4,0,0,0,0
CXCL9,CXCR4,0,0,0.0845237672328949,0
CCL5,CXCR4,0,0,0,0
CCL8,CXCR4,0.38569194078445435,0,0.0804724395275116,0
IL4,CXCR4,0,0,0,0
CXCL10,CXCR4,0,0,0.3095192313194275,0
CXCL12,CXCR4,0,0,0.7598536014556885,0
AGT,CXCR4,0,0,0.1317659616470337,0
CCL3,CXCR4,0.24924129247665405,0,0,0
CCL7,CXCR4,0.5271826982498169,0,0.5541239976882935,0
CCL24,CXCR4,0.2728736102581024,0,0,0
CCL17,CXCR4,0.1531154364347458,0,0,0
CCL22,CXCR4,0.11588837206363678,0,0,0
CCL20,CXCR4,0,0,0,0
CCL1,CXCR4,0,0,0,0
CXCL1,CXCR4,0.18694253265857697,0,0.6385883092880249,0
CXCL2,CXCR4,0.4809139370918274,0,0.06354890763759613,0
CXCL3,CXCR4,0.21499313414096832,0,0,0
CXCL5,CXCR4,0,0,0.12489845603704453,0
PPBP,CXCR4,0.07254467904567719,0,0,0
CXCL13,CXCR4,0,0,0.16684074699878693,0
XCL1,CXCR4,0,0,0,0
TFF2,CXCR4,0,0,0,0
PF4,CXCR4,0.834896445274353,0,0,0
CXCL14,CXCR4,0.06046532094478607,0,0.9000105857849121,0
TFF3,CXCR4,0.09779416024684906,0,0,0
CCL2,CX3CR1,0.8763744831085205,0,0.9873865842819214,0
CXCL9,CX3CR1,0,0,0.46349307894706726,0
CCL5,CX3CR1,0,0,0,0
CCL8,CX3CR1,0.7646612524986267,0,0.4594417214393616,0
CCL4,CX3CR1,0.6111632585525513,0,0,0
CXCL10,CX3CR1,0,0,0.6884884834289551,0
CXCL12,CX3CR1,0,0,1.1388229131698608,0
CCL3,CX3CR1,0.6282106041908264,0,0,0
CCL7,CX3CR1,0.9061520099639893,0,0.9330933094024658,0
CCL11,CX3CR1,0,0,0.6042652726173401,0
CCL24,CX3CR1,0.6518428921699524,0,0,0
CCL17,CX3CR1,0.5320847034454346,0,0,0
CCL22,CX3CR1,0.49485766887664795,0,0,0
CCL20,CX3CR1,0,0,0,0
CCL1,CX3CR1,0,0,0,0
CXCL1,CX3CR1,0.5659118294715881,0,1.0175576210021973,0
CXCL2,CX3CR1,0.859883189201355,0,0.4425182044506073,0
CXCL3,CX3CR1,0.5939624309539795,0,0,0
CXCL5,CX3CR1,0,0,0.5038677453994751,0
PPBP,CX3CR1,0.45151397585868835,0,0,0
CXCL13,CX3CR1,0,0,0.5458100438117981,0
XCL1,CX3CR1,0,0,0,0
PF4,CX3CR1,1.2138657569885254,0,0,0
CXCL14,CX3CR1,0.43943461775779724,0,1.2789798974990845,0
CCL2,CCR7,0.7196353673934937,0,0.8306474685668945,0
CXCL9,CCR7,0,0,0.3067539632320404,0
CCL5,CCR7,0,0,0,0
CCL8,CCR7,0.6079221367835999,0,0.3027026057243347,0
CCL4,CCR7,0.4544241428375244,0,0,0
IL6,CCR7,0,0,0.8021014332771301,0
CXCL10,CCR7,0,0,0.5317493677139282,0
CXCL12,CCR7,0,0,0.982083797454834,0
CCL3,CCR7,0.47147148847579956,0,0,0
CCL7,CCR7,0.7494128942489624,0,0.776354193687439,0
CCL11,CCR7,0,0,0.44752615690231323,0
CCL24,CCR7,0.49510377645492554,0,0,0
CCL17,CCR7,0.3753456175327301,0,0,0
CCL22,CCR7,0.3381185531616211,0,0,0
CCL20,CCR7,0,0,0,0
CCL1,CCR7,0,0,0,0
CXCL1,CCR7,0.4091727137565613,0,0.8608185052871704,0
CXCL2,CCR7,0.7031440734863281,0,0.28577908873558044,0
CXCL3,CCR7,0.43722331523895264,0,0,0
CXCL5,CCR7,0,0,0.34712862968444824,0
PPBP,CCR7,0.2947748601436615,0,0,0
CXCL13,CCR7,0,0,0.38907092809677124,0
XCL1,CCR7,0,0,0,0
PF4,CCR7,1.0571266412734985,0,0,0
CXCL14,CCR7,0.2826955020427704,0,1.1222407817840576,0
CCL2,XCR1,0.468231737613678,0,0.5792438387870789,0
CXCL9,XCR1,0,0,0.05535029619932175,0
CCL5,XCR1,0,0,0,0
CCL8,XCR1,0.3565184772014618,0,0.05129896104335785,0
CCL4,XCR1,0.20302048325538635,0,0,0
CXCL10,XCR1,0,0,0.28034573793411255,0
CXCL12,XCR1,0,0,0.7306801676750183,0
CCL3,XCR1,0.2200678139925003,0,0,0
CCL7,XCR1,0.49800923466682434,0,0.5249505639076233,0
CCL11,XCR1,0,0,0.19612251222133636,0
CCL24,XCR1,0.24370013177394867,0,0,0
CCL17,XCR1,0.12394195795059204,0,0,0
CCL22,XCR1,0.08671489357948303,0,0,0
CCL20,XCR1,0,0,0,0
CCL1,XCR1,0,0,0,0
CXCL1,XCR1,0.15776905417442322,0,0.6094148755073547,0
CXCL2,XCR1,0.45174044370651245,0,0.03437542915344238,0
CXCL3,XCR1,0.18581965565681458,0,0,0
CXCL5,XCR1,0,0,0.09572497755289078,0
PPBP,XCR1,0.04337120056152344,0,0,0
CXCL13,XCR1,0,0,0.13766726851463318,0
XCL1,XCR1,0,0,0,0
PF4,XCR1,0.8057230114936829,0,0,0
CXCL14,XCR1,0.031291842460632324,0,0.8708371520042419,0
CCL2,CXCR2,0,0,0,0
CXCL9,CXCR2,0,0,0,0
CCL5,CXCR2,0,0,0,0
CCL8,CXCR2,0,0,0,0
CCL4,CXCR2,0,0,0,0
CXCL10,CXCR2,0,0,0,0
CXCL12,CXCR2,0,0,0,0
CCL3,CXCR2,0,0,0,0
CCL7,CXCR2,0,0,0,0
CCL11,CXCR2,0,0,0,0
CCL24,CXCR2,0,0,0,0
CCL17,CXCR2,0,0,0,0
CCL22,CXCR2,0,0,0,0
CCL20,CXCR2,0,0,0,0
CCL1,CXCR2,0,0,0,0
CXCL1,CXCR2,0,0,0,0
CXCL2,CXCR2,0,0,0,0
CXCL3,CXCR2,0,0,0,0
CXCL5,CXCR2,0,0,0,0
PPBP,CXCR2,0,0,0,0
CXCL13,CXCR2,0,0,0,0
XCL1,CXCR2,0,0,0,0
PF4,CXCR2,0,0,0,0
CXCL14,CXCR2,0,0,0,0
CCL2,CCR9,0.4520072638988495,0,0.563019335269928,0
CXCL9,CCR9,0,0,0.03912581503391266,0
CCL5,CCR9,0,0,0,0
CCL8,CCR9,0.3402940034866333,0,0.03507448360323906,0
CCL4,CCR9,0.18679600954055786,0,0,0
CXCL10,CCR9,0,0,0.26412126421928406,0
CXCL12,CCR9,0,0,0.7144556641578674,0
CCL3,CCR9,0.20384334027767181,0,0,0
CCL7,CCR9,0.48178476095199585,0,0.5087260603904724,0
CCL11,CCR9,0,0,0.17989803850650787,0
CCL24,CCR9,0.22747565805912018,0,0,0
CCL17,CCR9,0.10771748423576355,0,0,0
CCL22,CCR9,0.07049041986465454,0,0,0
CCL20,CCR9,0,0,0,0
CCL1,CCR9,0,0,0,0
CXCL1,CCR9,0.14154458045959473,0,0.5931903719902039,0
CXCL2,CCR9,0.43551596999168396,0,0.018150949850678444,0
CXCL3,CCR9,0.16959518194198608,0,0,0
CXCL5,CCR9,0,0,0.07950050383806229,0
PPBP,CCR9,0.027146723121404648,0,0,0
CXCL13,CCR9,0,0,0.12144279479980469,0
TNFSF15,CCR9,0.010661192238330841,0,0.022023946046829224,0
XCL1,CCR9,0,0,0,0
PF4,CCR9,0.789498507976532,0,0,0
CXCL14,CCR9,0.01506736408919096,0,0.8546126484870911,0
IL1B,CDH5,0,0,0,0
BMP6,CDH5,0,0,0,0
ANGPT2,CDH5,0,0,0,0
KDR,CDH5,0,0,0,0
KNG1,CDH5,0,0,0,0
ANGPTL4,CDH5,0,0,0,0
KIT,CD81,0,0,0,0
KIT,CSF2RA,0,0,0,0
CSF1,CSF2RA,0,0,0.6210764050483704,0
CSF3,CSF2RA,0,0,0,0
CSF2,CSF2RA,0,0,0,0
KIT,CD63,0,0,0,0
SFRP2,WNT2,0,0,0,1.5177114009857178
FRZB,WNT2,0,0,0,1.1024963855743408
WIF1,WNT2,0,0,0,0.7794616222381592
RSPO3,WNT2,0,0,0,1.219167947769165
DKK2,WNT2,0,0,0,1.4291377067565918
SOSTDC1,WNT2,0,0,0,0
SOST,WNT2,0,0,0,0.6108621954917908
SFRP5,WNT2,0,0,0,0
SERPINF1,WNT2,0,0,0,2.052412509918213
SFRP4,WNT2,0,0,0,1.3817068338394165
SFRP2,WNT6,0,0,0,0.9819185733795166
FRZB,WNT6,0,0,0,0.5667034983634949
WIF1,WNT6,0,0,0,0.243668794631958
RSPO3,WNT6,0,0,0,0.6833751201629639
DKK2,WNT6,0,0,0,0.8933447599411011
SOSTDC1,WNT6,0,0,0,0
SOST,WNT6,0,0,0,0.0750693678855896
SFRP5,WNT6,0,0,0,0
SERPINF1,WNT6,0,0,0,1.5166196823120117
SFRP4,WNT6,0,0,0,0.8459140062332153
SFRP2,WNT5A,0,0,0,1.3512084484100342
FRZB,WNT5A,0,0,0,0.9359933137893677
WIF1,WNT5A,0,0,0,0.6129586100578308
SFRP5,WNT5A,0,0,0,0
SFRP4,WNT5A,0,0,0,1.2152037620544434
TLN1,ITGA5,0.3325441777706146,0.7803682088851929,0.21244889497756958,0.6602729558944702
ANGPT1,ITGA5,0,0,0.2598605155944824,0.7076845765113831
FLT4,ITGA5,0,0,0,0
CXCL12,ITGA5,0,0,0.8209207057952881,1.268744707107544
VEGFD,ITGA5,0,0,0.764319121837616,1.2121431827545166
L1CAM,ITGA5,0,0,0,0
RELN,ITGA5,0,0,0,0
VTN,ITGA5,0,0,0.3685329854488373,0.8163570165634155
THBS1,ITGA5,0.3429398834705353,0.7907639741897583,0.34858542680740356,0.7964094877243042
THBS2,ITGA5,0,0,1.2391703128814697,1.6869944334030151
CTGF,ITGA5,0,0,0.4244462549686432,0.8722703456878662
VWF,ITGA5,0,0,0,0
LAMB1,ITGA5,0,0,0.789162814617157,1.2369868755340576
LAMA4,ITGA5,0,0,0.9083312153816223,1.356155276298523
LAMC2,ITGA5,0,0,0,0
TNC,ITGA5,0,0,0.9439714550971985,1.3917955160140991
COL6A3,ITGA5,0,0,1.6579616069793701,2.105785846710205
LAMA3,ITGA5,0,0,0,0
LAMC3,ITGA5,0,0,0.3166668713092804,0.7644909620285034
SPP1,ITGA5,0.5467953681945801,0.9946194887161255,0.19257430732250214,0.640398383140564
CYR61,ITGA5,0,0,0.18695718050003052,0.6347812414169312
LAMA2,ITGA5,0,0,0.5586733222007751,1.0064973831176758
CHAD,ITGA5,0,0,0,0
SPON2,ITGA5,0,0,0.6000795364379883,1.0479036569595337
COL6A6,ITGA5,0,0,0.20034343004226685,0.6481674909591675
THBS4,ITGA5,0,0,0.3254401981830597,0.7732642889022827
WISP1,ITGA5,0,0,1.2195054292678833,1.6673295497894287
TLN1,ITGA2B,0,0.23162713646888733,0,0.11153187602758408
RELN,ITGA2B,0,0,0,0
VTN,ITGA2B,0,0,0,0.26761594414711
THBS1,ITGA2B,0,0.24202285706996918,0,0.24766838550567627
THBS2,ITGA2B,0,0,0,1.1382533311843872
VWF,ITGA2B,0,0,0,0
LAMB1,ITGA2B,0,0,0,0.6882457733154297
LAMA4,ITGA2B,0,0,0,0.807414174079895
LAMC2,ITGA2B,0,0,0,0
TNC,ITGA2B,0,0,0,0.8430544137954712
COL6A3,ITGA2B,0,0,0,1.5570446252822876
LAMA3,ITGA2B,0,0,0,0
ICAM4,ITGA2B,0,0,0,0
LAMC3,ITGA2B,0,0,0,0.2157498449087143
SPP1,ITGA2B,0,0.44587835669517517,0,0.09165728092193604
LAMA2,ITGA2B,0,0,0,0.45775631070137024
CHAD,ITGA2B,0,0,0,0
COL6A6,ITGA2B,0,0,0,0.09942641109228134
THBS4,ITGA2B,0,0,0,0.2245231717824936
WNT5A,LRP2,0,0,0,0
EGF,LRP2,0,0,0,0
SHH,LRP2,0,0,0,0
MDK,LRP2,0,0,0,0
AGT,LRP2,0,0,0,0
TG,LRP2,0,0,0,0
APOA1,LRP2,0,0,0,0
APOE,LRP2,0,0,0,0
GC,LRP2,0,0,0,0
WNT5A,RORA,0,0,0,0
IL22,IL21R,0,0,0,0
IL4,TNFRSF11B,0,0,0,0
TNF,TNFRSF11B,0,0.4096546471118927,0,0
IL13,TNFRSF11B,0,0,0,0
PDGFA,TNFRSF11B,0,0,0,0.2627620995044708
TNFSF11,TNFRSF11B,0,0.19858288764953613,0,0.18614237010478973
VTN,TNFRSF11B,0,0,0,0.4374581575393677
THBS1,TNFRSF11B,0,0.4118650555610657,0,0.4175105690956116
VWF,TNFRSF11B,0,0,0,0
IFNG,PPARG,0,0,0,0
IL4,PPARG,0,0,0,0
CSF2,PPARG,0,0,0,0
TNF,PPARG,0.25648432970046997,0,0,0
IL12A,PPARG,0.032388728111982346,0,0,0
RLN1,PPARG,0,0,0.04361933469772339,0
SERPINF1,PPARG,0,0,1.4740731716156006,0
IL10,CD14,0.7845562696456909,0,0,0
IL10,CD40,0.6678351163864136,0,0,0
IFNG,CD40,0,0,0,0
CD40LG,CD40,0.27522116899490356,0,0,0
LTB,CD40,0,0,0,0
IL18,CD40,0.44697102904319763,0,0,0
IL10,CSF1,0,0.6341966390609741,0,0
IFNG,CSF1,0,0,0,0
IL6,CSF1,0,0,0,0.7528428435325623
IL1A,CSF1,0,0.40909242630004883,0,0
CSF2,CSF1,0,0,0,0
IL1B,CSF1,0,0.7029850482940674,0,0
IL10,IL1RN,0.6191353797912598,0,0,0
IL6,IL1RN,0,0,0.7377815842628479,0
HGF,IL1RN,0.25864362716674805,0,0.3748999238014221,0
TNF,IL1RN,0.437572717666626,0,0,0
IFNG,IFNGR1,0,0,0,0
IFNB1,IFNGR1,0,0,0,0
IFNG,CD74,0,0,0,0
IFNG,PIGR,0,0,0,0
TNF,PIGR,0,0,0,0
IFNG,CD40LG,0,0,0,0
TSLP,CD40LG,0,0,0.06375226378440857,0
ICOS,CD40LG,0.04637690261006355,0,0,0
IFNG,KLRD1,0,0,0,0
CD160,KLRD1,0,0,0,0
IFNG,MUC1,0,0,0,0
TNF,MUC1,0,0,0,0
IL13,MUC1,0,0,0,0
IL7,MUC1,0,0,0,0
IFNG,CEACAM1,0,0,0,0
IFNG,CXCL9,0,0,0,0
IL12B,CXCL9,0,0.03312862664461136,0,0
IFNG,CXCL16,0,0,0,0
IFNG,VCAM1,0,0,0,0
CD40LG,VCAM1,0,0.5703908205032349,0,0
IL4,VCAM1,0,0,0,0
TNF,VCAM1,0,0.7814421057701111,0,0
IL18,VCAM1,0,0.7421406507492065,0,0
THBS1,VCAM1,0,0.7836525440216064,0,0.7892980575561523
IFNG,CXCL12,0,0,0,0
CCL5,CXCL12,0,0,0,0
IL6,CXCL12,0,0,0,1.2293243408203125
IL1A,CXCL12,0,0.8855738639831543,0,0
CSF3,CXCL12,0,0,0,0
IL2,CXCL12,0,0,0,0
IL13,CXCL12,0,0,0,0
IL17A,CXCL12,0,0,0,0
IL18,CXCL12,0,0.8898139595985413,0,0
ADIPOQ,CXCL12,0,0,0,0.7121526598930359
IFNG,CXCL10,0,0,0,0
TNF,CXCL10,0,0.4787810444831848,0,0
IL1B,CXCL10,0,0.7291320562362671,0,0
OSM,CXCL10,0,0.6571629643440247,0,0
IL17F,CXCL10,0,0,0,0
IFNG,IL17A,0,0,0,0
IL6,IL17A,0,0,0,0
TNFSF4,IL17A,0,0,0,0
CYR61,IL17A,0,0,0,0
PDGFB,S1PR1,0.10742028057575226,0,0,0
KDR,S1PR1,0,0,0,0
SPP1,S1PR1,0.4436825215816498,0,0.08946144580841064,0
CXCL9,GRM7,0,0,0,0.03703146055340767
CCL5,GRM7,0,0,0,0
CXCL10,GRM7,0,0,0,0.26202690601348877
CXCL12,GRM7,0,0,0,0.7123612761497498
APLN,GRM7,0,0,0,0.09372322261333466
AGT,GRM7,0,0,0,0.08427365124225616
KNG1,GRM7,0,0,0,0.08654127269983292
CCL20,GRM7,0,0,0,0
CXCL1,GRM7,0,0.13945022225379944,0,0.5910959839820862
CXCL2,GRM7,0,0.43342161178588867,0,0.016056593507528305
CXCL3,GRM7,0,0.1675008237361908,0,0
CXCL5,GRM7,0,0,0,0.077406145632267
PPBP,GRM7,0,0.02505236491560936,0,0
CXCL13,GRM7,0,0,0,0.1193484365940094
PENK,GRM7,0,0,0,0.6791510581970215
ANXA1,GRM7,0,0,0,0
SAA1,GRM7,0,0,0,0.023198502138257027
GAL,GRM7,0,0,0,0.08533716201782227
PNOC,GRM7,0,0,0,0.02197200432419777
NPY,GRM7,0,0.024652764201164246,0,0.03767753764986992
SST,GRM7,0,0,0,0.010777768678963184
PYY,GRM7,0,0,0,0
PF4,GRM7,0,0.7874041199684143,0,0
CCL5,CCRL2,0,0,0,0
RARRES2,CCRL2,0,0,0.8631454110145569,0
CCL5,TNFRSF4,0,0,0,0
IL2,TNFRSF4,0,0,0,0
TNFSF4,TNFRSF4,0.025723006576299667,0,0.026584841310977936,0
IL6,TLR2,0,0,1.073160171508789,0
CSF2,TLR2,0,0,0,0
SAA1,TLR2,0,0,0.5639797449111938,0
VCAN,TLR2,0.6111904382705688,0,1.531065583229065,0
DCN,TLR2,0,0,1.1979196071624756,0
CYR61,TLR2,0,0,0.6191790103912354,0
PRG4,TLR2,0,0,0.8876519799232483,0
IL6,OXTR,0,0,0,0.5671830177307129
IL6,AGT,0,0,0,0.6012366414070129
IL6,MSR1,0,0,1.2951536178588867,0
CSF1,MSR1,0,0,0.9986544847488403,0
ADIPOQ,MSR1,0,0,0.7779819369316101,0
EGF,NRP1,0,0,0,0
HGF,NRP1,0.13217014074325562,0.5050110816955566,0.2484264373779297,0.6212673783302307
KDR,NRP1,0,0,0,0
L1CAM,NRP1,0,0,0,0
SEMA3C,NRP1,0,0,0,0
PGF,NRP1,0.12724842131137848,0.5000893473625183,0.2750486135482788,0.6478895545005798
SEMA3D,NRP1,0,0,0.19516965746879578,0.5680105686187744
CNTN2,NRP1,0,0,0.10570280253887177,0.478543758392334
ALCAM,NRP1,0.10557291656732559,0.478413850069046,0,0
EGF,PGR,0,0,0,0
EGF,ANXA1,0,0,0,0
HGF,ANXA1,0,0,0,0
EGF,BSG,0,0,0,0
IL1A,IL1R1,0,0.5993825197219849,0,0
IL1B,IL1R1,0,0.8932751417160034,0,0
IL12A,IL1R1,0,0.41882842779159546,0,0
IL1RAP,IL1R1,0,0,0,0.44250455498695374
IL12B,IL1R1,0,0.4222671091556549,0,0
IL1RN,IL1R1,0,0.6315726041793823,0,0
IL1A,IL1RAP,0,0.20496314764022827,0,0
IL1B,IL1RAP,0,0.4988557696342468,0,0
IL1RN,IL1RAP,0,0.23715323209762573,0,0
IL33,IL1RAP,0,0,0,0.5398572683334351
IL1A,IL1R2,0.23401278257369995,0,0,0
IL1B,IL1R2,0.5279054045677185,0,0,0
IL1RN,IL1R2,0.2662028670310974,0,0,0
IL1A,PLAU,0,0,0,0
CSF2,PLAU,0,0,0,0
HGF,PLAU,0,0,0,0
TNF,PLAU,0,0,0,0
LIF,PLAU,0,0,0,0
BDNF,PLAU,0,0,0,0
VTN,PLAU,0,0,0,0
FGFR4,PLAU,0,0,0,0
PLAUR,PLAU,0,0,0,0
SPP1,PLAU,0,0,0,0
IL1A,C3,0.2046249955892563,0.9027509093284607,0,0
CD40LG,C3,0.03711523115634918,0.735241174697876,0,0
IL2,C3,0,0,0,0
C4B,C3,0.12599129974842072,0.8241171836853027,0.9590452313423157,1.6571711301803589
PDGFB,LRP1,0.35269469022750854,0.9150205254554749,0,0
MDK,LRP1,0,0,1.4768805503845215,2.0392065048217773
THBS1,LRP1,0.48510146141052246,1.0474272966384888,0.49074697494506836,1.0530728101730347
CTGF,LRP1,0,0,0.5666078329086304,1.1289336681365967
VWF,LRP1,0,0,0,0
APOA1,LRP1,0,0,0,0
APOE,LRP1,0.6066705584526062,1.1689963340759277,0.26798945665359497,0.8303152918815613
LGALS9,LRP1,0.4235173761844635,0.9858431816101074,0.40702125430107117,0.9693471193313599
PF4,LRP1,1.0381250381469727,1.6004509925842285,0,0
CD40LG,ITGAM,0.4440474212169647,0,0,0
IL2,ITGAM,0,0,0,0
KNG1,ITGAM,0,0,0.5094699263572693,0
HP,ITGAM,0.5997534990310669,0,0.6182008981704712,0
CTGF,ITGAM,0,0,0.7388155460357666,0
ICAM4,ITGAM,0,0,0,0
CYR61,ITGAM,0,0,0.5013264417648315,0
ICAM2,ITGAM,0,0,0,0
SPON2,ITGAM,0,0,0.9144488573074341,0
CD40LG,ITGA2B,0,0.028761131688952446,0,0
CTGF,ITGA2B,0,0,0,0.3235292136669159
CYR61,ITGA2B,0,0,0,0.08604016155004501
CD40LG,ITGB1,0,0.24015046656131744,0,0
ANGPT2,ITGB1,0,0,0,0.30128371715545654
CTGF,ITGB1,0,0,0,0.5349185466766357
ANGPTL4,ITGB1,0,0,0,0.9935410022735596
EDIL3,ITGB1,0,0.2557736933231354,0,0.25709018111228943
CD40LG,CD80,0.1983957439661026,0,0,0
CCL22,CD80,0.2456730455160141,0,0,0
CD274,CD80,0.2557501196861267,0,0,0
CD8A,CD80,0,0,0,0
CD40LG,CD47,0.17189297080039978,0,0,0
VTN,CD47,0,0,0.41074779629707336,0
THBS1,CD47,0.38515472412109375,0,0.39080023765563965,0
THBS2,CD47,0,0,1.2813851833343506,0
LGALS9,CD47,0.3235706388950348,0,0.30707451701164246,0
THBS4,CD47,0,0,0.36765503883361816,0
CD40LG,CD83,0.700472891330719,0,0,0
TNF,CD83,0.9115241765975952,0,0,0
IL2,CD83,0,0,0,0
CD40LG,IGHM,0.24557748436927795,0,0,0
IL4,TNFRSF17,0,0,0,0
IL1B,TNFRSF17,0.4971652626991272,0,0,0
LTA,EDNRA,0,0,0,0
AGT,EDNRA,0,0,0,1.0089958906173706
EDN1,EDNRA,0,0,0,0
EDN2,EDNRA,0,0,0,0
EDN3,EDNRA,0,0,0,1.0264201164245605
TNC,EDNRA,0,0,0,1.760134220123291
NRG1,GPC1,0,0.607841968536377,0,0.3716987371444702
SHH,GPC1,0,0,0,0
BMP2,GPC1,0,0.33026233315467834,0,0.33257871866226196
NRG1,MS4A4A,0.4784245491027832,0,0.24228128790855408,0
NGF,NGFR,0,0,0,0.2739642560482025
IL2,NGFR,0,0,0,0
BDNF,NGFR,0,0,0,0.1902915984392166
NTS,NGFR,0,0,0,0.03454994410276413
TTR,NGFR,0,0,0,0
NGF,SORCS2,0,0,0,0.6531192064285278
NGF,MAGED1,0,0,0,0.9240711331367493
IL4,IL13RA2,0,0,0,0
TNFSF9,IL13RA2,0,0,0,0
IL13,IL13RA2,0,0,0,0
IL4,IL12RB1,0,0,0,0
IL1B,IL12RB1,0,0,0,0
IL12A,IL12RB1,0,0,0,0
IL12B,IL12RB1,0,0,0,0
IL4,IL12A,0,0,0,0
IL1B,IL12A,0.47517964243888855,0,0,0
IL4,SELP,0,0,0,0
VWF,SELP,0,0,0,0
VCAN,SELP,0,0,0,0
CD34,SELP,0,0,0,0
IL4,IL2RA,0,0,0,0
IL2,IL2RA,0,0,0,0
IL1RN,IL2RA,0.26994219422340393,0,0,0
CD8A,IL2RA,0,0,0,0
GZMA,F2RL1,0,0,0,0
TNF,F2RL1,0,0,0,0
CTGF,F2RL1,0,0,0,0
PRSS2,F2RL1,0,0,0,0
GZMA,RYR2,0,0,0,0
TG,RYR2,0,0.037347063422203064,0,0.05867030471563339
GSTM2,RYR2,0,0,0,0.12951414287090302
PF4,PROCR,0,0.8418354988098145,0,0
HBEGF,PRLR,0,0,0,0
CSF1,CSF3R,0,0,0,0
CSF3,CSF3R,0,0,0,0
CSF2,CSF3R,0,0,0,0
CD80,CD3D,0,0,0,0
APOD,LEPR,0,0,0,0
IL5,IL5RA,0,0,0,0
CSF1,ITGAV,0,0,0,0
PDGFB,ITGAV,0,0,0,0
CXCL12,ITGAV,0,0,0,0
RELN,ITGAV,0,0,0,0
LAMB1,ITGAV,0,0,0,0
LAMA4,ITGAV,0,0,0,0
LAMC2,ITGAV,0,0,0,0
NID1,ITGAV,0,0,0,0
COL6A3,ITGAV,0,0,0,0
LAMA3,ITGAV,0,0,0,0
LAMC3,ITGAV,0,0,0,0
LAMA2,ITGAV,0,0,0,0
AZGP1,ITGAV,0,0,0,0
CHAD,ITGAV,0,0,0,0
COL6A6,ITGAV,0,0,0,0
CSF3,IGHG3,0,0,0,0
CSF2,CDH11,0,0,0,0
TNF,CDH11,0,1.3833250999450684,0,0
BMP2,CDH11,0,1.1755280494689941,0,1.1778444051742554
CALCA,CDH11,0,0,0,0
ANGPTL4,CDH11,0,0,0,1.9256641864776611
CSF2,CD86,0,0,0,0
CD8A,CD86,0,0,0,0
HGF,SPHK1,0,0.317474901676178,0,0.43373119831085205
TNF,SPHK1,0,0.4964039921760559,0,0
TGFB2,SPHK1,0,0,0,0.8501336574554443
PDGFA,SPHK1,0,0,0,0.34951144456863403
PDGFB,SPHK1,0,0.36620765924453735,0,0
TGFB2,ACVR1C,0,0,0,0
TGFB2,ACVR1,0,0,0,0.7542474865913391
ANGPT1,ITGAV,0,0,0,0
COL6A5,ITGAV,0,0,0,0
TNF,ICOS,0.25742822885513306,0,0,0
TNF,SEMA4C,0,0.28671568632125854,0,0
TNF,MYLK,0,0.9676926136016846,0,0
CALML3,MYLK,0,0,0,0
TNFSF9,TNFRSF9,0,0,0,0
IL2,TNFRSF9,0,0,0,0
SHH,HHIP,0,0,0,0
IHH,HHIP,0,0,0,0
SHH,GAS1,0,0,0,0
SHH,SCUBE2,0,0,0,0
CXCL12,ACKR3,0,0,0,0.8451460599899292
TFF3,ACKR3,0,0.1830865740776062,0,0
CD80,CD8A,0,0,0,0
IL2,TNFRSF18,0,0,0,0
TNFSF18,TNFRSF18,0,0,0,0
BMP2,BMPR2,0,0.16996309161186218,0,0.1722794771194458
BMP6,BMPR2,0,0,0,0
BMP4,BMPR2,0,0,0,0.5662381052970886
BMP5,BMPR2,0,0,0,0
GDF10,BMPR2,0,0,0,1.0117566585540771
GDF3,BMPR2,0,0.1625882089138031,0,0
FST,BMPR2,0,0,0,0.8480666279792786
BMP1,BMPR2,0,0,0,1.3390063047409058
BMP3,BMPR2,0,0,0,0
BMP2,BMPR1B,0,0,0,0
BMP6,BMPR1B,0,0,0,0
BMP4,BMPR1B,0,0,0,0
BMP5,BMPR1B,0,0,0,0
GDF10,BMPR1B,0,0,0,0
GDF3,BMPR1B,0,0,0,0
FST,BMPR1B,0,0,0,0
BMP1,BMPR1B,0,0,0,0
BMP3,BMPR1B,0,0,0,0
BMP2,ACVR1,0,0.19272080063819885,0,0.19503718614578247
INHBA,ACVR1,0,0.2752481698989868,0,0.6092795729637146
BMP6,ACVR1,0,0,0,0
BMP4,ACVR1,0,0,0,0.5889958143234253
INHBB,ACVR1,0,0,0,0.28763383626937866
INHA,ACVR1,0,0,0,0.227594792842865
BMP5,ACVR1,0,0,0,0
BMP3,ACVR1,0,0,0,0
BMP4,PDCD1,0,0,0,0
CD274,PDCD1,0,0,0,0
FAM3C,LAMP1,0,0,0,0
LGALS1,CD69,0,0,0,0
S100A8,CD69,0,0,0,0
MYL9,CD69,0,0,0,0
HHIP,SHH,0,0,0,0
OSM,PLAT,0,1.1095167398452759,0,0
TGFB2,PLAT,0,0,0,1.2848644256591797
TGFB2,GREM1,0,0,0,0.6193748116493225
INHBA,ACVR1C,0,0,0,0
INHBB,ACVR1C,0,0,0,0
INHA,ACVR1C,0,0,0,0
GDF10,ACVR1C,0,0,0,0
GDF3,ACVR1C,0,0,0,0
INHBA,BAMBI,0,0.24416708946228027,0,0.5781984925270081
INHBB,BAMBI,0,0,0,0.2565527558326721
MDK,PTPRB,0,0,0,0
PTN,PTPRB,0,0,0,0
TNC,PTPRB,0,0,0,0
RSPO3,LGR5,0,0,0,0.9510934948921204
GDNF,GFRA1,0,0,0,0.9326145648956299
GDNF,GFRA3,0,0,0,0
GDNF,EDNRB,0,0,0.9026283025741577,0.7784910798072815
EDN1,EDNRB,0,0,0,0
EDN2,EDNRB,0,0,0,0
EDN3,EDNRB,0,0,0.23763781785964966,0.11350055783987045
IL5,PTAFR,0.194574236869812,0,0,0
GDF3,TDGF1,0.010878599248826504,0,0,0
MDK,TSPAN1,0,0,0,0
MDK,ITGA4,0,0,1.3556102514266968,0
CXCL12,ITGA4,0,0,0.8418119549751282,0
VEGFD,ITGA4,0,0,0.785210371017456,0
RELN,ITGA4,0,0,0,0
VTN,ITGA4,0,0,0.38942426443099976,0
THBS1,ITGA4,0.36383116245269775,0,0.36947667598724365,0
THBS2,ITGA4,0,0,1.2600616216659546,0
VWF,ITGA4,0,0,0,0
VCAM1,ITGA4,0,0,0.6941386461257935,0
VCAN,ITGA4,0.1998598575592041,0,1.1197350025177002,0
LAMB1,ITGA4,0,0,0.8100540637969971,0
LAMA4,ITGA4,0,0,0.9292224645614624,0
LAMC2,ITGA4,0,0,0,0
TNC,ITGA4,0,0,0.9648627042770386,0
COL6A3,ITGA4,0,0,1.678852915763855,0
LAMA3,ITGA4,0,0,0,0
ICAM4,ITGA4,0,0,0,0
LAMC3,ITGA4,0,0,0.33755815029144287,0
SPP1,ITGA4,0.5676866769790649,0,0.21346557140350342,0
LAMA2,ITGA4,0,0,0.57956463098526,0
CHAD,ITGA4,0,0,0,0
SPON2,ITGA4,0,0,0.6209708452224731,0
COL6A6,ITGA4,0,0,0.22123470902442932,0
THBS4,ITGA4,0,0,0.34633147716522217,0
CYR61,ITGB1,0,0,0,0.29742950201034546
AFDN,NECTIN2,0,0,0,0
VTN,NECTIN2,0,0,0,0.3846189081668854
AFDN,NRXN3,0,0,0,0
CXCL12,AVPR1A,0,0,0,0.9406603574752808
ADM,RAMP2,0,0,0,0
CALCA,RAMP2,0,0,0,0
CALCB,RAMP2,0,0,0,0
IAPP,RAMP2,0,0.09545636922121048,0,0
GHRH,RAMP2,0,0,0,0
PTHLH,RAMP2,0,0,0,0.09658856689929962
SCT,RAMP2,0,0,0,0.11011244356632233
ADM,RAMP3,0,0,0,0
CALCA,RAMP3,0,0,0,0
CALCB,RAMP3,0,0,0,0
IAPP,RAMP3,0.07301688194274902,0,0,0
GHRH,RAMP3,0,0,0,0
PTHLH,RAMP3,0,0,0.07414908707141876,0
SCT,RAMP3,0,0,0.08767295628786087,0
ADM,RAMP1,0,0,0,0
CALCA,RAMP1,0,0,0,0
CALCB,RAMP1,0,0,0,0
IAPP,RAMP1,0,0.12021287530660629,0,0
ADM,ADRB3,0,0,0,0
CALCA,ADRB3,0,0,0,0
CALCB,ADRB3,0,0,0,0
IAPP,ADRB3,0,0,0,0
GHRH,ADRB3,0,0,0,0
PTHLH,ADRB3,0,0,0,0
SCT,ADRB3,0,0,0,0
ADM,GPR20,0,0,0,0
CALCA,GPR20,0,0,0,0
CALCB,GPR20,0,0,0,0
IAPP,GPR20,0,0,0,0
GHRH,GPR20,0,0,0,0
PTHLH,GPR20,0,0,0,0
SCT,GPR20,0,0,0,0
APLN,APLNR,0,0,0,0
APELA,APLNR,0,0,0,0
KNG1,BDKRB1,0,0,0,0.4790453612804413
KNG1,CD93,0,0,0.3550044596195221,0
MMRN2,CD93,0,0,0,0
EDN1,ADGRL4,0,0,0,0
EDN1,CYSLTR1,0,0,0,0
VEGFD,NRP2,0,0,0.7495220899581909,0.6800246238708496
SEMA3C,NRP2,0,0,0,0
PGF,NRP2,0.142081618309021,0.07258418947458267,0.28988179564476013,0.2203843742609024
SEMA3G,NRP2,0,0,0,0
NRP1,FLT1,0,0,0,0
NRP1,FLT4,0,0,0,0
VEGFD,ITGA2,0,0,0,0
RELN,ITGA2,0,0,0,0
VTN,ITGA2,0,0,0,0
THBS1,ITGA2,0,0,0,0
THBS2,ITGA2,0,0,0,0
VWF,ITGA2,0,0,0,0
LAMB1,ITGA2,0,0,0,0
LAMA4,ITGA2,0,0,0,0
LAMC2,ITGA2,0,0,0,0
TNC,ITGA2,0,0,0,0
COL6A3,ITGA2,0,0,0,0
LAMA3,ITGA2,0,0,0,0
LAMC3,ITGA2,0,0,0,0
SPP1,ITGA2,0,0,0,0
LAMA2,ITGA2,0,0,0,0
CHAD,ITGA2,0,0,0,0
COL6A6,ITGA2,0,0,0,0
THBS4,ITGA2,0,0,0,0
SAA1,SCARB1,0,0,0.028709543868899345,0
THBS1,SCARB1,0.23989154398441315,0,0.24553707242012024,0
APOE,SCARB1,0.3614606559276581,0,0.022779539227485657,0
GAL,GALR2,0,0,0,0.11812712252140045
IL17B,IL17RB,0,0,0,0
IL33,IL1RL1,0,0,0.5504432916641235,0.7417541146278381
PROK2,PROKR1,0,0,0,0
NPY,NPY1R,0,0.03931991010904312,0,0.05234468728303909
PYY,NPY1R,0,0,0,0
NPY,NPY6R,0,0,0,0
PYY,NPY6R,0,0,0,0
NPY,GPR83,0,0,0,0
PYY,GPR83,0,0,0,0
RLN1,RXFP1,0,0,0,0.16405519843101501
HP,CD163,0.2600732147693634,0,0.2785205841064453,0
PF4,CD163,0.8706524968147278,0,0,0
L1CAM,ITGA4,0,0,0,0
COL6A5,ITGB1,0,0,0,0.45013952255249023
RELN,ITGA8,0,0,0,0
VTN,ITGA8,0,0,0,0.3217146694660187
THBS1,ITGA8,0,0.2961215674877167,0,0.30176711082458496
THBS2,ITGA8,0,0,0,1.192352056503296
VWF,ITGA8,0,0,0,0
LAMB1,ITGA8,0,0,0,0.7423444986343384
LAMA4,ITGA8,0,0,0,0.8615128993988037
LAMC2,ITGA8,0,0,0,0
TNC,ITGA8,0,0,0,0.8971531391143799
COL6A3,ITGA8,0,0,0,1.6111433506011963
LAMA3,ITGA8,0,0,0,0
LAMC3,ITGA8,0,0,0,0.2698485553264618
SPP1,ITGA8,0,0.49997708201408386,0,0.14575599133968353
LAMA2,ITGA8,0,0,0,0.5118550062179565
CHAD,ITGA8,0,0,0,0
COL6A6,ITGA8,0,0,0,0.15352511405944824
THBS4,ITGA8,0,0,0,0.2786218822002411
PF4,THBD,0.8094813227653503,0.984487771987915,0,0
FGFR4,PTPRR,0,0,0,0
HP,ASGR1,0,0.1708235889673233,0,0.1892709732055664
TG,ASGR1,0,0.01514847856014967,0,0.036471717059612274
SEMA3C,PLXNA2,0,0,0,0
SEMA3D,PLXNA2,0,0,0,0
SEMA3D,NRP2,0,0,0.2100028395652771,0.14050541818141937
SEMA3G,PLXNA2,0,0,0,0
ADIPOQ,WIF1,0,0,0,0.176599383354187
OLFM2,ROBO2,0,0,0,0.2570386528968811
SLIT3,ROBO2,0,0,0,1.020470142364502
SLIT3,ROBO4,0,0,0,0
VWF,SCARA5,0,0,0,0
APOE,TREM2,1.1357800960540771,0,0.7970989942550659,0
SLURP1,CHRNA1,0,0,0,0
LGALS9,HAVCR2,0.3195239305496216,0,0.30302780866622925,0
LGALS9,MRC2,0,1.3428846597671509,0,1.3263885974884033
LGALS9,COLEC12,0,1.0746607780456543,0,1.0581647157669067
VCAN,SELL,0.15498743951320648,0,1.0748625993728638,0
CD34,SELL,0,0,0.46840932965278625,0
PCSK1N,GPR171,0,0,0.29812872409820557,0
COL6A5,ITGA2,0,0,0,0
LAMB1,SV2C,0,0,0,0
LAMA4,SV2C,0,0,0,0
LAMC2,SV2C,0,0,0,0
LAMA3,SV2C,0,0,0,0
LAMC3,SV2C,0,0,0,0
LAMA2,SV2C,0,0,0,0
LAMB1,PRNP,0,0,0,1.0605034828186035
LAMA4,PRNP,0,0,0,1.1796720027923584
LAMC2,PRNP,0,0,0,0
LAMA3,PRNP,0,0,0,0
LAMC3,PRNP,0,0,0,0.5880076289176941
LAMA2,PRNP,0,0,0,0.8300141096115112
SLURP1,CHRNB1,0,0,0,0
SLURP1,CHRNB4,0,0,0,0
SLURP1,CHRNA2,0,0,0,0
MIA,CDH19,0,0,0,0
S100B,AGER,0,0,0,0.05113603174686432
S100A8,AGER,0,0,0,0
S100A9,AGER,0,0,0,0
SCGB3A1,MARCO,0,0,0,0
ANGPTL4,GPIHBP1,0,0,0,0
CNTN2,CNTN2,0,0,0,0.03813133388757706
S100A8,CD68,0,0,0,0
S100A9,CD68,0,0,0,0
SFTPD,LAIR1,0,0,0,0
S100A4,PGLYRP1,0,0,0,0
ALCAM,CD6,0,0,0,0
ALCAM,CHL1,0,0.558443009853363,0,0
CFP,NCR1,0,0,0,0
PGLYRP1,TREM1,0,0,0,0
LGI2,ADAM23,0,0,0,0.8131911158561707
LGI4,ADAM23,0,0,0,0.15149423480033875
MMRN2,CD248,0,0,0,0
MMRN2,CLEC14A,0,0,0,0
