,0_n,0_p,1_n,1_p,2_n,2_p,3_n,3_p,4_n,4_p,5_n,5_p,6_n,6_p
0,MYH11,0.0,EDNRB,0.0,FBLN1,0.0,CALD1,3.287936857697405e-282,CLU,1.1237532172148022e-75,APOD,6.993566078533139e-34,MKI67,4.4143904551501316e-08
1,DSTN,0.0,TCIM,1.0779627608626564e-265,DCN,0.0,TMSB4X,1.2804201828951595e-257,LTBP1,6.954893270238967e-70,DCN,3.401885870467201e-29,TOP2A,4.424759660013461e-08
2,CRIP1,0.0,STEAP4,7.597782968437468e-261,IGF1,0.0,IGFBP7,3.8101416368125794e-250,LPP,1.9801501989160563e-63,LUM,1.9915095487021214e-22,CDK1,4.431685577980109e-08
3,MUSTN1,0.0,CCL2,2.7846785004165106e-227,APOD,0.0,STEAP4,1.4351790845630975e-245,NEAT1,2.4274264092533558e-63,CFH,8.236694766345136e-20,BUB1B,4.445568958532698e-08
4,LBH,0.0,PHLDA1,2.9187383206957174e-217,LUM,0.0,SEPTIN7,5.501376200048332e-217,NNMT,1.665392117144739e-60,CYP1B1,2.9353294532418718e-18,NUSAP1,4.459494501451277e-08
5,BCAM,0.0,RGS16,6.41440205753879e-202,LTBP4,0.0,SPARC,3.1373211527467814e-174,MT-CYB,6.54394840998763e-60,ABCA8,3.724892672837832e-18,KNL1,4.49449363209376e-08
6,PHLDA2,0.0,CCDC102B,1.1727915319776453e-198,ALDH1A3,0.0,ABCC9,9.245664229154892e-172,MYH11,2.5392155028734923e-55,GSN,3.7716551770864305e-18,STMN1,4.536844187657773e-08
7,TAGLN,0.0,ADGRF5,6.861451014776106e-194,MMP2,0.0,CCDC102B,2.11408771859372e-167,PLN,4.109989189164052e-55,PTGDS,6.576143857662844e-18,ANLN,4.5510468181306045e-08
8,MYL6,0.0,HSPA1A,1.1838627616085793e-190,PTN,0.0,HIGD1B,2.1391310296920416e-166,EDIL3,1.9541896747591254e-53,PI16,1.6938073063110353e-16,NUF2,4.554604205049776e-08
9,MYL9,0.0,HSPA1B,1.1061543512537093e-188,SFRP1,0.0,NRP1,2.141928937053069e-162,ACTG2,5.211497176797659e-53,IFI27,3.915478570546521e-14,BIRC5,4.558164287633075e-08
10,TPM2,0.0,DNAJB1,1.136019563245618e-180,SERPINF1,0.0,GUCY1A2,1.6439189750661485e-161,VIM,1.8938865001481535e-52,PDGFRL,5.2282477447372026e-14,UBE2C,4.572431614114509e-08
11,FRZB,0.0,TMSB4X,6.134256712440222e-180,LGALS3,0.0,TXNIP,2.973606354686594e-159,MT-CO1,7.481341778551063e-52,PRELP,1.0309244651396181e-13,DIAPH3,4.5831605103289474e-08
12,MAP3K20,0.0,PPP1R15A,3.8045815332989167e-177,SPON2,0.0,LHFPL6,4.734741289468193e-157,ADIRF,7.952568768165282e-50,NRP2,1.0839999145901059e-13,PBK,4.604691566864271e-08
13,HOPX,0.0,GJA4,5.740521046406963e-177,ALDH1A1,0.0,ZEB2,9.20617599555025e-151,NTRK2,8.994917351813924e-50,CLDN1,1.8444258433068702e-13,TPX2,4.604691566864271e-08
14,RERGL,0.0,ABCC9,8.666883002406412e-177,PDGFRA,0.0,GUCY1A1,1.4590487979543211e-149,TAGLN,2.5136131117907505e-49,NDRG1,7.236738485421819e-13,NCAPG,4.706473178027033e-08
15,MCAM,0.0,CTSC,1.1846320715674817e-167,SPOCK3,0.0,IFITM3,6.510643283107272e-148,FLNA,1.226237194430779e-48,MMP2,1.3263947390011113e-12,CENPF,4.717506827275604e-08
16,MT-CO1,0.0,DNAJA1,9.041269014949678e-164,RNASET2,0.0,PMEPA1,1.1353959839299317e-146,MT-ND1,5.666354428906743e-48,SCN7A,1.7712359549894276e-12,TUBA1B,4.773052273124314e-08
17,PCP4,0.0,SLC2A3,1.1755883278240567e-159,MXRA8,0.0,CD59,1.359703516655111e-144,CNN1,2.260245324252524e-47,ANXA1,5.155839733553778e-12,ASPM,4.821704038847262e-08
18,RGCC,0.0,IRF1,3.9059235746471306e-157,MGST1,0.0,THY1,3.8873492222201454e-142,MT-ND5,1.5523700027593505e-44,TCF4,6.033224238522721e-12,TUBB,4.8518821520010326e-08
19,PLN,0.0,NRP1,6.556227205132647e-154,MIR99AHG,0.0,CST3,8.133387497707508e-140,MCAM,1.7002726372209425e-43,SERPINF1,1.809859194899856e-11,KIF11,4.897492878772686e-08
20,SYNE2,0.0,GEM,5.63411068277517e-153,GSN,0.0,FAM13C,2.145817622454103e-131,MT-ND2,4.5717247953522955e-42,MEOX2,2.152128685092414e-11,PCLAF,4.958954135822154e-08
21,NET1,0.0,HSPD1,9.011055828214068e-153,EMILIN1,0.0,GGT5,1.1723650987557676e-129,MT-ND4,7.690107475225107e-42,GLUL,6.262100815953213e-11,PTTG1,5.461298988456142e-08
22,MYLK,0.0,ADAMTS4,2.753163280955032e-151,HELLPAR,0.0,CPE,1.4152974884096199e-126,ITGA8,7.8380608413441e-42,CSTB,9.318801046528602e-11,TK1,5.7040111729487186e-08
23,ADIRF,0.0,PABPC1,9.072317438743878e-147,TCF21,0.0,EPB41L2,9.065633601938456e-126,CSRP1,1.0778839289259951e-41,KLF5,2.452751884886393e-10,PRC1,6.245300775618274e-08
24,TMEM38B,0.0,CAMK2N1,3.7388410819510064e-143,RORB,0.0,ADGRF5,2.532890336553657e-118,SPARCL1,4.340311642637837e-41,SPTBN1,4.23633663799142e-10,SMC4,6.653988549904692e-08
25,GADD45B,0.0,HSP90AA1,1.9901728375412957e-142,CFD,0.0,EPS8,9.406897878161902e-116,CRLF1,5.604631974023702e-41,LTBP4,4.28815867901087e-10,HMGN2,6.958581134852378e-08
26,FILIP1,0.0,HGF,5.425547164838019e-142,PTGDS,0.0,PROCR,3.263406831501534e-113,MT-CO3,1.7946272459483728e-40,LPCAT2,6.603400017366752e-10,CKAP2,7.137867151019918e-08
27,NDUFA4,0.0,CYTOR,1.1985740630554305e-139,OLFML3,0.0,DLC1,2.40074234577931e-105,KCNMA1,1.0483529428468178e-39,AKAP12,9.922232819839406e-10,CKS1B,7.282266234450497e-08
28,TBC1D1,0.0,EPAS1,3.537926431964688e-138,PAGE4,0.0,PTMS,5.488399770544491e-105,SOD3,1.1002910880735429e-37,S100A13,1.3609471766156739e-09,MAD2L1,7.406656479705993e-08
29,FLNA,4.648734425821073e-309,COL4A1,7.350130107749373e-136,CST3,0.0,CTSC,1.970644797752792e-104,ZFHX3,7.549881728942502e-36,PRNP,2.4288080609875925e-09,ECT2,7.852401374490498e-08
30,ARPC1A,3.453468336112024e-308,EIF4A1,9.813170037803428e-136,DKK3,0.0,MYH9,1.5501864310575483e-103,DSTN,4.299022018454198e-35,SFRP4,2.646499472935333e-09,TMSB15A,9.216314163759482e-08
31,CALM2,5.550567989126412e-307,ID3,3.124010536424523e-134,MATN2,0.0,KCNJ8,3.780571688003133e-102,NTRK3,2.9865209648292962e-34,TFPI,2.73174252029882e-09,H2AFZ,1.2636329935075134e-07
32,AOC3,2.346340808557924e-304,MYC,1.6455726024935562e-132,PODN,0.0,HLA-B,1.0820359548453639e-100,RERGL,2.1637274333348932e-33,OGN,3.304656622233609e-09,HMGB2,1.290679666646991e-07
33,SLC38A11,4.050073817306034e-304,GUCY1A2,1.7155273665374256e-132,C7,0.0,COL3A1,2.1209336005722638e-100,ACTN1,4.790193997576014e-32,ITM2A,8.308483688564772e-09,CENPH,1.3222760978057275e-07
34,HES4,4.462067862339323e-298,SOCS3,1.1828299125697175e-130,NBL1,0.0,CAMK2N1,7.601185026640075e-97,GADD45B,9.592648244235255e-32,MARCKS,1.051201684942143e-08,HMGB1,1.3971810241694965e-07
35,SLC38A1,1.047274300327607e-294,EPS8,5.4108606911347123e-129,PLTP,0.0,RGS5,1.6454567518855656e-95,LMOD1,9.678599935469769e-31,S100A6,1.611554835052012e-08,NCAPD2,1.5890606498105352e-07
36,PDGFA,2.4995842300392754e-294,FOSB,6.482539016942171e-127,NFIX,3.001108881820588e-308,ITGB1,6.660416835643776e-95,CDKN1A,1.1210249133137793e-30,VIT,2.021233709896406e-08,KIF20B,1.5962362021325815e-07
37,RAMP1,2.461042940421395e-292,AVPR1A,1.6076727539464063e-124,MRC2,5.5996047945687515e-306,ARHGDIB,2.245679832755076e-94,MT-ATP6,3.026186134267887e-30,MTSS1,2.475351802817926e-08,GGH,1.6560210107019293e-07
38,UTRN,5.832504166825961e-289,SPARC,3.0086997573680195e-123,LSAMP,2.478800049338195e-299,COX4I2,3.9651461916074753e-94,A2M,1.0709805239782396e-29,AFDN,2.9709980953852087e-08,SMC2,1.708983394733971e-07
39,CPM,7.976638237800107e-286,KCNJ8,3.631108012750348e-120,FTL,5.371244107662143e-289,NR2F2,1.3487857221074813e-89,C12orf75,1.3754523216271906e-29,ABCA10,3.833929605421287e-08,LMNB1,2.0097841747485643e-07
40,NRGN,1.1381372166313344e-281,CEBPD,6.489226520149742e-119,ANXA5,7.700870476390051e-289,IMPA2,7.716896306745989e-87,ABI3BP,5.977936678350037e-29,ABCA6,4.7036989253520646e-08,LGALS1,2.402043784871314e-07
41,ZFHX3,2.791753070063858e-281,HIGD1B,7.336215839613983e-119,SSPN,4.723763456357965e-287,PDGFRB,5.381681491718101e-86,PDLIM5,6.018852064519787e-29,FLRT2,5.0582759685120524e-08,H2AFV,2.757976133846894e-07
42,SORBS2,9.821909069578937e-278,ANKRD10,1.5400214533858583e-118,TNFSF10,4.93620620142466e-286,DPY19L2,4.2403788830389737e-85,LBH,1.3086020385225454e-28,TIMP2,5.812333316620144e-08,DBI,3.6674168573564085e-07
43,CAP2,1.639864080483101e-277,NID1,4.5993393000514834e-116,FABP5,3.1690277181195948e-285,ITGA1,8.218653904649749e-84,TNC,2.8574284288151586e-28,EGFR,6.998735472856564e-08,NUCKS1,4.185677402900241e-07
44,SLC25A4,4.5094338946622043e-277,MYO1B,5.308221077679714e-115,NFIC,4.947008462532358e-285,GAS6,3.896156688073747e-80,ZFP36,8.836846110759627e-28,LAMB1,1.0084612743749929e-07,DTYMK,4.394298877839422e-07
45,MGST3,1.2924678427468948e-274,KCNE4,8.71417074745403e-115,CYGB,1.4989313422618574e-283,LGI4,2.3641391261365146e-78,HSPB6,1.0717329468225732e-27,MXRA8,1.5199122792790562e-07,CKS2,4.484424700539386e-07
46,NUDT4,1.0675535884641357e-270,PMEPA1,2.609745031128808e-114,SAT1,2.1061780019633796e-281,MTRNR2L1,1.3099848313886826e-77,SPEG,2.2586634792865155e-27,EID1,1.568185505962224e-07,PHF19,5.860531045109805e-07
47,C11orf96,1.2102488749656119e-261,HSPH1,8.54019748152121e-114,NPC2,4.492581496078374e-280,SYNPO2,4.725152380765425e-76,ACTA2,1.419200839355334e-26,CST3,1.6097620159460764e-07,RAN,5.860531045109805e-07
48,SOD3,7.555035693354987e-258,MARCKS,3.7793259230533593e-113,HSD11B1,4.434155178229835e-279,SEPTIN11,2.23048241921717e-74,SORBS2,2.4280418902747794e-26,KCTD12,1.878244909690504e-07,EZH2,6.688452331061937e-07
49,PTMA,1.696369371043197e-255,COX4I2,2.419241127950754e-111,DIO2,3.747244141000056e-276,IGFBP2,2.3450926948536215e-72,APLP2,4.961237557989899e-26,ABLIM1,1.9161840050189175e-07,SPC25,8.503447299665475e-07
50,CD9,1.3172846695513122e-251,COL4A2,3.0450675147862754e-109,OGN,8.381957725081024e-276,TAGLN2,6.766954886282504e-72,SEMG1,5.1461728976137817e-26,COL9A3,2.1012044225182577e-07,BUB1,8.763148848911715e-07
51,CDKN1A,1.3261617500677825e-251,HSPB1,6.982148087343825e-107,PID1,2.3642375180974896e-270,IFITM2,8.575375703730438e-72,C11orf96,6.079772333032596e-26,INHBA,2.1560163416464457e-07,CDCA5,9.075256777252505e-07
52,ACTA2,1.1195571518988593e-246,HSP90AB1,1.002595038410443e-105,SCN7A,1.8324229646838766e-268,CD99,1.8758496153641864e-71,MYLK,4.5090638930480365e-25,PLAC9,2.4609650214773226e-07,RRM2,9.097725579618255e-07
53,CYCS,5.3142835816167746e-244,NR4A1,1.5547778038952995e-103,IL32,1.7555513528746744e-267,FRMD3,4.744349569032714e-71,GPRC5A,7.856054531727737e-25,FTL,2.8974868017129636e-07,CDKN3,9.129916804175291e-07
54,TPM1,6.225072846293792e-244,PLXDC1,1.580928109534659e-101,CTSK,4.4186115434983425e-266,S100A4,7.387079405071652e-71,CASQ2,2.59402607600819e-24,TPM3,3.015856515639284e-07,SHCBP1,9.204373358218336e-07
55,RPS27,2.093765774803531e-242,RBP1,1.2826316903021695e-99,FN1,1.1174806428512941e-265,BGN,1.981407824855035e-70,SNCG,7.415568466163127e-24,ALDH1A1,3.516423393677556e-07,CENPU,9.7524851377629e-07
56,SORT1,5.9709453823118e-237,ATF3,1.4928404647065265e-98,CCDC80,1.942220545847098e-265,NOTCH3,7.607903833397879e-70,MT-CO2,1.0099326123835196e-23,CDH19,6.521213482724037e-07,POC1A,9.81452284257845e-07
57,YBX3,1.1644144643116007e-236,LPL,1.4206567354821444e-96,ANXA1,8.630239338221029e-265,SLC9A3R2,1.9872620222044543e-69,SUSD5,2.3112197189415724e-23,LAMA2,6.590632363039239e-07,CCNA2,1.0379272604105946e-06
58,MT1E,8.953997991724384e-236,NCOA7,2.453646695698554e-96,FCGRT,4.396695041854405e-264,NR2F1,4.904174273916282e-69,MALAT1,2.810147517543716e-23,EBF2,7.127812075036717e-07,ZWINT,1.039752977563886e-06
59,MT1X,5.272020141354565e-235,HSPA8,9.575005791636983e-96,S100A13,2.9833015756722002e-261,NDUFA4L2,1.2157485932092616e-68,KCNMB1,1.1896433825913308e-22,NOVA1,7.211270799200757e-07,FANCD2,1.0467189331317835e-06
60,LRRC10B,2.5227342198889576e-232,HSPE1,2.196047972970773e-95,MGP,3.59051186971448e-260,GUCY1B1,2.7076235346807464e-66,ENAH,1.1923905345502224e-22,ABCA9,1.066819307433019e-06,KIF23,1.0574378531342833e-06
61,SERPINI1,1.092809961688402e-230,EGR1,3.67959765265796e-95,LRP1,4.080576325799859e-260,LURAP1L,4.587864507454446e-66,SBSPON,2.293561897329764e-22,FN1,1.1333501012237685e-06,TYMS,1.1342908756436482e-06
62,ACTN4,1.2090106591395743e-227,LHFPL6,3.233436258227292e-94,ABCA8,1.1340627423489473e-256,CD81,6.763518718497458e-65,NFIB,6.208339180394505e-22,EMP1,1.2410627870233881e-06,HMGB3,1.1784101420243373e-06
63,ATP1A2,1.8536364930193005e-224,JUNB,5.952738023442292e-94,ADD3,4.271973545136561e-255,MYL12B,5.3096696115738693e-64,CSRP2,1.0667956902839e-21,DDIT4,1.6029778731662438e-06,CENPE,1.2148048974439184e-06
64,PPP1R12B,4.797204277464063e-224,BTG1,5.4385415366109985e-93,BEX3,6.264051012214762e-254,MYL12A,8.051242452887425e-62,AEBP1,1.5017966865746124e-21,MAN1A1,1.775456683464582e-06,CENPW,1.2899657007185747e-06
65,PPP1R12A,2.8022926279042943e-223,SLC25A5,1.6912250793739432e-92,PLEKHA5,1.9429632719519675e-253,PTEN,8.498397543181274e-62,SLMAP,1.6346614655555381e-21,VCAN,1.9533992485759473e-06,HIST1H1A,1.597580525613025e-06
66,CNN1,9.553776202126347e-223,FRMD3,1.2310258184428043e-89,PRNP,5.117516063692442e-253,HLA-A,1.9260630681216293e-61,FHL1,3.9903486161280654e-21,FOXD1,1.967458413058262e-06,RHEB,1.6526066404034302e-06
67,PTP4A3,1.386752893497484e-222,KLF6,1.806640758244038e-89,TIMP1,1.0678277329160094e-250,FAM153CP,2.1335109070071033e-61,PDLIM3,6.178832036253207e-21,RAMP2,2.0063246243185963e-06,MIS18BP1,1.657178120791001e-06
68,UQCRB,1.2820880022018194e-218,THY1,2.8533348185919957e-89,CPVL,1.4528642140188674e-249,PPP1R14A,2.838379087093502e-61,CRIP2,7.151858969008618e-21,S100A16,2.617553109577303e-06,SGO2,1.7487896343590371e-06
69,RCAN2,4.1116527763984365e-218,FOS,1.3074178609070943e-88,PEMT,2.85565110441155e-243,GPM6B,3.952515626095142e-61,COMP,7.250475784482371e-21,FSTL3,2.967185407285096e-06,KNTC1,1.88111861884158e-06
70,KCNAB1,3.1121210684396156e-216,COL3A1,2.389301361705348e-87,RARRES2,3.7001549414843157e-243,LGALS1,4.92435137572633e-60,CCDC107,1.0378182452972158e-20,LAPTM4A,3.630177157968781e-06,H3F3A,1.9374976442010056e-06
71,CCDC107,9.754138532355145e-216,CCNL1,2.7095499209427025e-87,PLXDC2,1.8534051429802122e-242,ADAMTS5,9.061550862605477e-60,MFAP4,1.6705090071824876e-20,VIM,4.202780147647948e-06,CCDC88A,2.038343225518302e-06
72,SLIT3,1.3544934890057965e-213,GGT5,9.261153002054773e-87,SRD5A2,2.017673596176937e-242,LAPTM4A,1.189360322607788e-59,PLS3,2.2659099835375526e-20,C1S,4.9496221713885764e-06,GAS2L3,2.046036502254926e-06
73,MT-CO3,1.7639335926628227e-209,FAM13C,1.5547028349799613e-85,SFRP2,7.93158297403731e-242,MTRNR2L12,1.933481451133085e-59,ITIH3,5.696412123353044e-20,LRP1,5.474445973287988e-06,CBX5,2.1493567524586954e-06
74,MOB2,3.2360305630487315e-208,JUND,1.3826689181843043e-84,G0S2,1.0253208225711442e-236,GJC1,1.162724320823698e-58,SLC38A1,9.757790329601572e-20,FZD2,5.648797256635513e-06,SKA2,2.3639757058331878e-06
75,CRIP2,7.927314896122871e-208,DNAJB4,2.0981541665296805e-84,MEG3,1.3236898816922574e-234,PMP22,1.5873053440749298e-58,LRRFIP1,1.086496970554758e-19,ADD3,6.150615383115398e-06,CALU,2.368809878364787e-06
76,DOCK8,2.4267526031394937e-206,ARHGAP42,2.438871383038454e-84,DPT,4.9778225192692344e-229,COL1A2,2.371005397181471e-58,FOXC1,1.1078782607892218e-19,SELENOP,6.161144527901153e-06,UBALD2,2.70056447588232e-06
77,ZNF331,6.7852739766941195e-205,ING1,3.8264300885601868e-84,PCDH9,2.9494911958939695e-227,AVPR1A,6.42259179175964e-58,INHBA,2.367087661913744e-19,SESN3,6.676889615848805e-06,PSRC1,2.8469205395946945e-06
78,ODC1,5.5716366467929956e-204,SSTR2,7.337530129983695e-83,COL1A2,1.0265313631485204e-225,FXYD6,1.518443303097434e-57,LDHA,3.528378567573641e-19,RASSF8,8.514749651810544e-06,TMPO,3.2841730686299714e-06
79,SYNM,3.028409017219734e-203,BAG3,1.2415185544749515e-82,F3,2.9724344423231655e-225,HMGB1,4.8609926019694903e-57,ID1,4.1034033183370756e-19,PKDCC,8.76837632165169e-06,BARD1,3.335310353976384e-06
80,YBX1,8.245746458686836e-203,STOM,1.4207258069902602e-80,CTSH,1.4220509628917959e-224,ECRG4,6.356945261651111e-57,VCL,5.156401098172145e-19,CYGB,1.0158528980341667e-05,VIM,3.5978425591522364e-06
81,GPRC5C,2.620264805151598e-201,IFI16,1.9608204463908315e-80,NOVA1,2.2896133954135028e-223,B2M,7.989700177005844e-57,SH3BGR,1.0242104934029303e-18,METTL7A,1.2004423371191887e-05,UBE2S,3.6171614311074557e-06
82,MSRB3,2.031140824822789e-200,RGS5,3.3032696822287576e-80,RDH10,2.494280053929579e-223,SELENOP,4.101688608408159e-56,POSTN,1.5890380155132204e-18,SERPING1,1.5741850730958204e-05,MASTL,3.6524306606762285e-06
83,MT1A,5.396258390869885e-197,TFPI,5.214703785495674e-80,MXRA7,7.654392901157948e-221,NUCKS1,5.395318135364772e-56,PPP1R14A,1.6711247806518183e-18,AKR1C1,1.7419995437635956e-05,PPIA,3.787965805944563e-06
84,UBA2,6.808912359786795e-196,ADAMTS1,1.140636183070334e-79,CGNL1,1.3181354260285917e-220,PIK3R1,2.9597395416480976e-55,BCAM,1.9347232491320373e-18,ADGRD1,1.7963368548750644e-05,COMMD4,4.28492295716306e-06
85,MT1M,2.4285823308577225e-191,DPYSL2,1.2791774918469594e-79,SLIT2,2.284382352770399e-220,RERG,1.2606313060233923e-54,LIMCH1,2.573300110104866e-18,RHOBTB3,1.8666577358787157e-05,DHFR,4.425200545294074e-06
86,TSC22D1,3.2497103075941952e-189,NFIL3,1.5246047110634714e-78,PGRMC1,9.32929333253777e-214,PLXDC1,1.659182870450293e-54,CALM1,2.6467047485570643e-18,IGF1,1.874010081740562e-05,ANP32B,4.655445122927442e-06
87,CRYAB,5.380288981704747e-189,VMP1,3.0613532014081067e-77,SH3BP5,3.4134034871759776e-211,DPYSL2,8.034729715075873e-54,NPNT,1.1377078632977555e-17,SBSPON,1.9137771507002544e-05,IKBIP,4.708146901892517e-06
88,CCDC3,8.981292345112771e-188,NAMPT,2.4730412416147024e-76,SPOCK1,4.640315310015585e-206,CD151,1.5636681181696923e-52,CAVIN3,1.1995766907065244e-17,RASSF2,2.085805568014287e-05,DDX39A,5.2537068071387855e-06
89,CHCHD10,1.5275802534003224e-185,TENT5A,6.562269560928253e-76,FBLN5,4.208126152040438e-205,COL18A1,4.4215190655640084e-52,TPM4,1.4196141155917527e-17,FMO2,2.1935650157087522e-05,NUCB2,5.625807499156949e-06
90,LTBP1,6.027595010425768e-185,IFITM2,2.5953884772896953e-74,MEIS2,3.1148144536339675e-204,C20orf27,7.883904201582046e-52,MYL9,1.8003696789875412e-17,LRRN4CL,2.3252543818104017e-05,NUDT1,6.09448593016581e-06
91,MYOCD,1.0599173353436556e-183,PAG1,3.210989282182848e-74,CLMP,5.306015468041017e-204,FILIP1L,2.8584647678712757e-50,TBC1D1,2.7083353341373858e-17,RBMS3,2.583467424071677e-05,LMNB2,6.7374065104413035e-06
92,NTRK2,1.200903836401189e-183,DLC1,6.616266664510301e-74,MMP23B,5.331610993466728e-200,HGF,5.865729631341428e-50,NEXN,3.124896220449104e-17,MYOC,3.19573989389939e-05,YBX1,7.053974540200618e-06
93,WTIP,8.152579846335845e-183,MIR4435-2HG,8.258206080200547e-74,PAM,3.468631440777896e-198,EPHX1,1.4509204015597957e-49,PPP1R12A,4.7754048314420095e-17,ECM1,3.283381451020977e-05,CCDC34,7.090783026881346e-06
94,PDLIM3,8.922107451842702e-182,LAMA4,1.0964440704844027e-73,FGFR1,1.2724611639737784e-196,CHST2,5.220920816899629e-49,MFGE8,4.9558007859814095e-17,S100A10,3.452365807444441e-05,C4orf46,7.715291988514984e-06
95,MT-CO2,1.4195389390146337e-181,PROCR,1.2817842625986339e-73,PSAP,1.5602941471784384e-194,MT-ND3,2.5055357092521e-47,AMIGO2,9.18465815189271e-17,TENM2,3.724578558743835e-05,LMO7,8.239101502898919e-06
96,TIMP3,6.785672242014378e-181,IFITM3,1.4913890731473008e-73,RHOBTB3,3.654985199515522e-191,MT-ND2,3.696175557178128e-47,TPM2,1.6715077494313003e-16,BMP7,3.8839247265105796e-05,HIST1H4C,8.684132752853803e-06
97,RPS28,1.2493896570751893e-180,MCL1,7.402452147242604e-73,CTSB,6.502958338855322e-189,PSME1,5.032022592345342e-47,CD9,1.782160862366187e-16,NFE2L2,4.007134983000945e-05,GAPDH,8.825187808875583e-06
98,SELENOM,1.3933020621958612e-180,SERTAD1,7.923651937817103e-72,MXRA5,1.1416749042105781e-187,TM4SF1,9.768727039693597e-47,MT-ND3,1.9540059768184072e-16,C1R,4.754778145141363e-05,SNRPD1,8.95977383341449e-06
99,NIBAN1,1.84367792340617e-179,COL6A3,1.961926506136876e-71,COL6A2,1.4551805517154307e-187,MTRNR2L8,5.048491231415832e-46,SOCS3,4.000475702283397e-16,LSP1,4.861747737214261e-05,COQ2,9.237821893466759e-06
100,NRARP,6.403788978216277e-179,H3F3B,1.6801862750300773e-70,ALDH1A2,1.1561560741705472e-186,CD63,3.793233079165286e-45,DST,1.7382755485973504e-15,ETV1,4.903396714036293e-05,NUDT8,9.312351416391012e-06
101,COX5B,8.698212710192282e-177,TMSB10,2.140316280261654e-70,IGFBP2,1.6137572145041701e-186,RPS8,7.105145663903154e-45,THBS1,2.8587790850607838e-15,RARRES1,5.049892516778362e-05,SAE1,1.1315767325178998e-05
102,USP2,2.6885615252463946e-176,SERPINH1,8.244289899819786e-70,TSHZ2,2.4082716295568736e-186,PLCB4,1.1506362923452992e-44,EMP2,3.831494997644851e-15,OMD,5.08322433317015e-05,ITGB3BP,1.1782516263426857e-05
103,RPL27A,1.0433951487760234e-174,LDHA,4.162976334680799e-69,RGS2,2.216841250954833e-184,ASPN,3.0098704263509246e-44,PLP2,5.780347831871894e-15,GLT8D2,5.4170589699709065e-05,RUVBL2,1.1899206342980804e-05
104,RPS6,3.3511915193363297e-174,ARHGDIB,1.2589390644881662e-68,ISLR,2.197663433686402e-183,CARMN,1.53628567322133e-43,PPP1R12B,5.941251629081514e-15,ITGA6,5.763466306438534e-05,DLGAP5,1.195986422239719e-05
105,PDLIM5,3.787124411635207e-172,GUCY1A1,1.4321130070877847e-68,BHLHE41,2.298599279956614e-183,TMSB10,2.6263364200845657e-43,SYNM,6.4669790322265065e-15,C1orf21,7.367506441170881e-05,AURKB,1.2028457076884343e-05
106,SGCA,1.1094312734997928e-167,HLA-B,1.1837937247700636e-67,LY6E,3.1874662498772946e-182,HLA-C,3.26820726688224e-43,LDLR,6.7642006257705566e-15,MRAS,8.426527689475248e-05,IQGAP3,1.2043750839181419e-05
107,FKBP5,3.528862335126916e-167,MYADM,1.660567917026354e-67,CDC42EP3,1.1554892576620675e-181,PDLIM2,1.1750147156542158e-42,ZFP36L1,8.699160487791757e-15,BZW1,8.451950251325477e-05,APOBEC3B,1.2051404677993259e-05
108,PLCE1,1.0904842094569155e-166,EPB41L2,7.343706991301803e-67,SEC62,3.434958542002852e-181,EPAS1,2.132504753234405e-42,CD46,9.394902180860552e-15,TSHZ2,9.08882584560639e-05,CEP55,1.207439405708792e-05
109,WFDC1,4.822160306177877e-165,ANGPT2,1.960581056770151e-66,CNTN1,1.0575650528351038e-178,RPL6,2.7827497315985742e-42,ETS2,1.1272999597828067e-14,CLU,9.514949188804515e-05,TROAP,1.2089743555401233e-05
110,CKB,2.245543752828261e-164,B3GNT2,2.5572873511479236e-66,RARRES1,3.5629700744095785e-177,REM1,9.627066802859477e-42,SMTN,1.4566186743688616e-14,PERP,9.654716982929133e-05,CKAP2L,1.2244266256546206e-05
111,HSPB8,1.0786147007800294e-163,STAT3,3.9051808968810666e-66,TSPAN4,8.040858352451854e-177,MT-ND1,1.949407742415694e-41,ID4,2.2211025153097933e-14,YWHAE,9.696903111527305e-05,TTK,1.2267606599846259e-05
112,ITGA7,4.9823168229166035e-161,PLCB4,5.224786675390753e-66,IGFBP5,1.6897847659794356e-175,RBP1,3.3814164822568594e-41,FAM107B,3.730682249641625e-14,TRIM22,9.741689087752253e-05,CIT,1.2267606599846259e-05
113,ATF3,6.8247508781245536e-161,DDX21,5.287897090612051e-66,PDIA3,1.2409291883848753e-174,MT-ND4,8.624954158535351e-41,S100A6,5.039544633951728e-14,SSPN,0.00010246125015517673,PIMREG,1.2392807241409845e-05
114,KLF2,1.2995034589488133e-158,IFITM1,5.561363833397493e-66,ATP6V0E1,4.226196530160975e-174,TIMP3,1.3693632785720276e-40,MEDAG,5.680304080399254e-14,PDXK,0.00010363807804580814,HIST1H3B,1.2455863899378702e-05
115,CAV1,1.1806063851957252e-157,DLX5,1.2087982111070252e-65,PPIB,1.1839082844543867e-173,MDK,2.6710538074825477e-40,TLN1,7.880035232503402e-14,AMD1,0.00010489267302170295,SGO1,1.2535115327927505e-05
116,RBM24,1.8343886670304583e-157,JUN,1.818157833412731e-65,PLPP3,1.696628080441589e-173,MYO1B,5.219147905268868e-40,CAV1,8.448040903740629e-14,STXBP6,0.00011105364828519455,SKA1,1.2574921251932498e-05
117,RHOB,4.329205436567307e-157,BAZ1A,7.159384087428976e-65,CFH,4.458841557545448e-172,MT-ATP6,1.2091786903819899e-39,NET1,1.1558754220439463e-13,SRRM2,0.00012015984640993639,HMMR,1.2606852806409118e-05
118,PCSK1N,7.464435466638914e-157,BTG3,2.7396515516490636e-64,TIMP2,2.581725774168953e-171,RARRES2,1.3397093125473342e-39,EOGT,1.273850574397393e-13,OGFRL1,0.0001366847531142161,CDT1,1.2711165553668038e-05
119,FAU,9.009532665380966e-157,CNN3,5.328175384381491e-64,RRBP1,2.621592834630477e-171,ANO1,1.6837589220106108e-39,PALLD,1.2800220757914737e-13,MTUS1,0.00016420803967697844,KIF15,1.288957347964886e-05
120,COX7A2,2.6924380307273424e-155,PDGFRB,1.8933328157795957e-63,ECHDC2,3.213209080792893e-171,LPL,2.7744476766561638e-39,MSN,1.3747496381773755e-13,GPC3,0.00017125180278538274,CDCA3,1.3062098799811565e-05
121,MT2A,6.344877893734782e-153,EMP1,3.7536548309243025e-63,C1orf21,5.271584200846407e-170,GNG11,5.101426993168156e-39,LEPR,1.7708009640078602e-13,ZFP36L2,0.00017378774190516944,DNAJC9,1.3095209590263652e-05
122,PDE4DIP,1.0286073863109015e-152,CACYBP,4.820457926850015e-61,CYP1B1,1.0422606637768596e-169,PAG1,8.503671641674333e-39,CCN3,2.0006099290841136e-13,SLC66A1L,0.00018826563307340507,CCNB2,1.3111794998464456e-05
123,ROCK1,1.3560933253630344e-152,MAP1B,5.345829399555031e-60,HTRA1,1.7012107370947392e-169,ITIH5,1.2191479253982417e-38,TNS1,2.025000638758587e-13,PHGDH,0.00019382482399433155,CENPM,1.3211729074282294e-05
124,TBX2-AS1,1.6053489746009966e-151,PNRC1,1.7408671426990784e-58,PLD3,2.9914732104650805e-169,C1S,1.694094593555492e-38,COL12A1,2.0445094956962631e-13,FCGRT,0.0002015013451728586,KIF4A,1.3320810846933025e-05
125,MTHFD2,3.129218689584743e-150,PTMA,5.982412986047868e-58,NR2F1,4.350458771212125e-169,ARHGAP42,4.2387258403949303e-38,SULF1,2.317981907923452e-13,CDO1,0.00020548260153279506,KIF2C,1.343924419472661e-05
126,LDB3,7.26461039902229e-149,IMPA2,1.1951955805111823e-57,ECM1,1.3052702091000386e-168,EDNRB,1.5998408347691361e-37,TGM2,2.4490924857918617e-13,RNASE4,0.00021374403863471273,ARHGDIB,1.3804958069853624e-05
127,GNAS,2.8329666887261034e-148,EIF1,1.1619471437764104e-56,C1S,7.050996426328297e-166,TFPI,2.0604077224676227e-37,SVIL,2.855849091346049e-13,CALCRL,0.0002167381215674976,MGME1,1.3879231149543393e-05
128,TUBA1C,5.2081120921391746e-148,TINAGL1,2.3522316148035313e-56,WNT4,5.009794070871733e-165,ARHGAP15,5.597018452796396e-37,LMNA,3.3596827018322116e-13,F3,0.00022134257284082788,TACC3,1.391431492470005e-05
129,GPR20,8.593681237109041e-147,HIF1A,8.609842439883728e-56,AR,1.3407246143042409e-164,FHL5,6.52047077802763e-37,MSRB3,3.3926381604185277e-13,FGF7,0.000249011755397284,SPC24,1.391431492470005e-05
130,COBLL1,6.005939006844701e-146,EPHX1,1.8278108982070856e-54,CPQ,1.5039779402075603e-164,DIPK1C,1.4343326344802678e-36,CD151,3.41498124555118e-13,BHMT2,0.00026446722155858637,UBE2T,1.3949483276695043e-05
131,MAP3K7CL,7.162919822978568e-146,ZFP36,2.7110919699690413e-54,TMEM98,6.246738623825447e-164,SERF2,2.19694497764965e-36,PDE3A,5.448028003078434e-13,SLCO1C1,0.0003551900554199306,GTSE1,1.424287458293577e-05
132,ENTPD1,2.6948334116726065e-145,TCP1,3.0606798878830806e-54,MFAP4,7.42469610838868e-164,CD44,2.9710040212947792e-36,TTLL7,6.192306673634628e-13,PPFIBP1,0.00036013244010509726,MRPL51,1.4482727706814768e-05
133,RPL37A,4.24697744735027e-145,SEPTIN11,2.9788151881486392e-53,GPM6B,1.3122656417942384e-161,MFGE8,4.865017322565816e-36,WDR1,7.549722315165444e-13,ITM2B,0.0003734138798820598,MXD3,1.4735702147127447e-05
134,C1QTNF1,1.002686722278855e-144,GUCY1B1,6.4532028855578565e-53,FBN1,2.535932934534242e-160,LINC00989,9.114287372118784e-36,SLC7A2,7.598076889066195e-13,ANGPTL7,0.00037976733953402707,CENPK,1.5583621138272774e-05
135,PDE3A,1.141696552344296e-144,NDUFA4L2,7.202659777446652e-53,ITM2B,1.2223560350637901e-158,NCK2,1.3900036004077886e-35,PRUNE2,8.622769118619895e-13,DKK3,0.00038524928435286406,SPAG5,1.5859864256460453e-05
136,MT-ATP6,2.3523557833503855e-144,CHST2,1.0835838896638239e-52,LGALS3BP,1.1452806226549254e-157,NDRG2,9.087841239188973e-35,AIG1,1.2236411885843004e-12,MIA,0.0003922393938653718,MZT1,1.662818805190351e-05
137,MKNK2,2.0231610734803802e-143,RHOQ,1.765318806862013e-52,CLEC11A,2.6665459185677645e-154,ARPC5,1.8628501920348725e-34,MACF1,1.2988081753891319e-12,JAM2,0.00039367859214610364,YWHAH,1.667508488811242e-05
138,FOXC2,9.969015908566904e-142,NCKAP5,3.187492133135378e-52,LRPAP1,2.0364933656042873e-153,SPECC1,2.443757238592499e-34,DPYSL3,1.4290554379883707e-12,MPZL1,0.00046112127441227415,EVA1B,1.6916755040697823e-05
139,PIP5K1B,7.9113104013461175e-140,DDX3X,5.217679931165626e-52,BDH2,8.70840814627063e-153,APOE,5.536713113427368e-34,SCRG1,1.5024962232909036e-12,SLC12A2,0.0005088723883474349,MYBL1,1.7508268836537622e-05
140,TBX2,3.474898311741434e-139,CCN1,1.151715571319915e-51,COL13A1,9.57998783445049e-153,RAPGEF5,6.571391073619806e-34,NDUFA4,2.9680593160418095e-12,FAM184A,0.0005612013031594808,RACGAP1,1.8096880839263393e-05
141,ENAH,2.6828729894063493e-137,ESAM,1.2512109376934695e-51,COL15A1,4.0445039768091e-152,FXYD1,1.945554522126042e-33,CCDC3,3.0264777644375564e-12,USP54,0.0006235377930219299,NSD2,1.9062629791275064e-05
142,COX8A,3.8167177977761203e-137,CYP1B1,1.3339642840445339e-51,CDH11,4.889307970680804e-152,MAP1B,2.7567005915989468e-33,P2RX1,3.394949561963896e-12,TMEM100,0.0006248533760057884,TMSB10,1.9953163134298466e-05
143,CARHSP1,1.7206788844930935e-136,MAFF,1.7783579445719302e-51,ZBTB20,2.1962238540555574e-150,INPP4B,6.830064932744605e-33,IQGAP1,4.548732143902537e-12,ENTPD2,0.0006343458465220372,MAZ,2.0114740046241224e-05
144,ZBTB16,3.311820215155499e-135,SLC38A2,5.074542069492975e-51,MIR100HG,2.5449068855045543e-149,BST2,1.5782336919020422e-32,COL14A1,4.745119152227487e-12,LY6E,0.0006551816939576235,FANCI,2.082511613750525e-05
145,CREM,6.128556554575753e-135,ARHGAP15,7.700339171680962e-51,BOC,6.842550244479422e-148,ARHGAP6,2.7617994402588497e-32,TM4SF1,4.869155521282414e-12,DOCK9,0.0007130600158015644,ORC6,2.1019413541087885e-05
146,HSDL2,1.3760900616870014e-134,ARID5B,1.2167469940798193e-50,RCN1,7.788383276304147e-148,TINAGL1,3.505222584713322e-32,MIDN,5.1648451335248395e-12,WWTR1,0.0007140794090968221,SLC25A5,2.1097614713129985e-05
147,ANAPC16,4.3937684922112385e-134,ASPN,1.6673344263414777e-50,SPRY1,1.8313655743876944e-147,ARHGAP29,7.581960905173314e-32,MYL6,5.55588181734168e-12,MARCKSL1,0.0007797367103016908,LSM4,2.1586010076733904e-05
148,DUSP8,1.555150255390036e-132,HLA-E,3.736603681991562e-50,CPED1,2.2565077714978413e-147,IGFBP5,1.4246531491928204e-31,CCNL1,6.297518087060129e-12,SOX8,0.000794336906580749,NCAPD3,2.169301497074774e-05
149,LMNA,6.774791649300127e-132,FILIP1L,3.7922267034407174e-50,DNAJC1,3.220109909964986e-146,FGD4,3.467984992841138e-31,ACTB,7.656993078065465e-12,TGFBI,0.0008267253791856032,SPARC,2.249791414876193e-05
150,PNRC1,1.2063063393427332e-131,IER5,6.120840023822789e-50,CD302,3.684683267727781e-146,TNS2,6.661822437689705e-31,ANGPT1,7.695114916618618e-12,ID1,0.0008629509846039158,NCAPH2,2.3195060137480882e-05
151,COX7A1,3.962695552866944e-131,COL18A1,2.468112871377139e-49,PAMR1,7.738049418365845e-145,FAM153B,9.243884392232106e-31,ACAN,8.937341996162812e-12,P2RY14,0.0008958864793832608,FEN1,2.5102048374531558e-05
152,MIR22HG,5.210241060621222e-131,C20orf27,1.0655041170276331e-48,SSR4,1.1274165956228275e-144,RPL35,1.5159385961388827e-30,MYOCD,9.2059955181527e-12,COL21A1,0.0009171330843006726,AURKA,2.7584089793187187e-05
153,AKAP1,7.608775696316047e-131,ZFAND2A,1.4569174800154612e-48,FBLN2,3.901469886648768e-144,SLC16A12,5.623641064458756e-30,NAMPT,1.0756567345621078e-11,MFAP5,0.0010188099811336393,LRR1,2.838693923734556e-05
154,RPS25,1.5994192843594873e-130,HES1,1.5979504258078403e-48,SQSTM1,4.6687774561955315e-144,TJP1,8.014547139112856e-30,ADRA2A,1.2406126041775285e-11,TLE2,0.0010929853608568263,CIP2A,2.9372534835542735e-05
155,NTRK3,1.6484671986181317e-130,ITGA1,2.2074796382043093e-48,FGF7,1.5452269705712801e-143,FHL2,9.117047337934303e-30,COL18A1,1.2659694453888779e-11,MYL12B,0.0011440026050573778,KNSTRN,2.9877446897121386e-05
156,JUND,1.3294909524228217e-129,BGN,2.528786557273286e-48,SELENOP,1.6261031445923313e-143,PRKG1,4.4950457585230136e-29,DACT3,1.3625576334162785e-11,OAF,0.001181978185158584,COL4A2,3.0059763547260606e-05
157,ISYNA1,1.6549799988432672e-129,APOE,1.00588395103408e-47,LGALS1,5.999709860051393e-143,MYL9,8.690894138049913e-29,YBX3,1.4976617807900213e-11,SLC2A1,0.0012125014703773603,ATAD5,3.055731467958309e-05
158,EEF1A1,1.8156532992501807e-128,BRD2,1.0237679946379053e-47,BICC1,1.2230429938588122e-142,S100A11,9.00610497299374e-29,MYC,1.4987447146732788e-11,RNF24,0.0012194398151227762,COL3A1,3.188396671722619e-05
159,ADRA2A,1.7688647762443582e-126,IER5L,1.9831024612460186e-47,ADRA2C,1.3772466925205368e-141,TTYH1,1.609775600279287e-28,SGCA,2.9714438622418136e-11,PLOD1,0.0012674414773533476,COL4A1,3.2214315480124114e-05
160,CRIM1,5.805933413640594e-126,SRGN,2.0703820917985855e-47,TNC,1.8507118239705558e-141,LEPROT,1.7295406029831625e-28,CD44,3.202850559061892e-11,CAPN6,0.0012845013877974675,MCM7,3.282510460847484e-05
161,CAMTA1,1.9180968272712654e-125,UGCG,7.295442922415639e-47,SPARCL1,5.958162024471933e-141,PLCG2,2.666182310253138e-28,FN1,3.295010365999674e-11,PMP22,0.0013685757916853825,TMEM106C,3.363965900120006e-05
162,MGST2,1.0710111196663326e-124,MTHFD2,2.8179529755257533e-46,AEBP1,7.841952553952608e-139,CAVIN2,4.668202582220726e-28,FOXP1,3.542078469068818e-11,EZR,0.0014468022063898849,EMP3,3.392567205140235e-05
163,PDK4,1.6600232626815422e-124,TCEAL9,8.77518066105593e-46,NUCB2,1.5813559844399307e-137,PPIB,6.198293355461248e-28,ACTN4,4.445043002994981e-11,LINC01088,0.001465923413359784,CKLF,3.395645293269415e-05
164,DGKG,4.694708345145391e-124,UBC,2.1213637928846396e-45,SFRP4,3.11356728510975e-137,CYB5R3,1.8347738937434144e-27,ARID5B,5.918557807896404e-11,CHRDL1,0.001507057499276158,BRCA2,3.401809429137181e-05
165,ACTN1,1.534493536593548e-123,RUNX1,4.9503565796563597e-45,COL6A3,7.068545715069279e-137,FAM162B,8.82828893031818e-27,PRELP,6.799728117848351e-11,N4BP2L2,0.0015072141252609615,MZT2B,3.506122921211157e-05
166,RPS19,4.2737770529442975e-123,NCK2,6.490399443152536e-45,LRRN4CL,1.3173820682249547e-136,CD36,1.7236853134560966e-26,PTGIR,8.145644171898074e-11,INTS6,0.001519319456297775,ARL6IP1,3.548692960219267e-05
167,CSRP2,1.614614129378234e-122,ANO1,9.151943744069586e-45,HTRA3,3.0672493777469228e-136,RPL36A,2.199915823837326e-26,WTIP,1.5242763372143742e-10,MIR100HG,0.001549091915121957,NCAPG2,3.638596783858652e-05
168,ARPC1B,8.805986801065884e-122,MYH9,1.0577160643591908e-44,C1R,6.40998061403413e-136,CENPP,1.228787457471394e-25,SLIT3,1.5376040437989836e-10,EMILIN3,0.0015738498188390948,CEP152,3.652872510920361e-05
169,RPLP1,9.331447105997743e-122,CHD1,1.7484662678611058e-44,GYPC,7.243328225604047e-136,SNX31,1.7373356509377754e-25,SBDS,1.74493902802788e-10,KANK4,0.0016284942624363815,HIST1H4H,3.823783532014324e-05
170,RPL3,1.318142138022148e-121,APOLD1,2.262876003863182e-44,DAB2,1.2432395407152296e-135,SELENBP1,2.140482837887946e-25,NTN4,1.8075219084450925e-10,GASK1B,0.0018233132690333989,SAC3D1,3.853768202119707e-05
171,COX6A1,3.3710766772114337e-121,HNRNPF,2.4691164646499785e-44,OTULINL,1.5221528452250972e-135,COL6A3,2.678782651174967e-25,KLF2,1.8303504213607516e-10,JCAD,0.002010169079778346,ARHGAP26,3.974761314011791e-05
172,MAPRE2,9.846429308141214e-121,NOTCH3,2.563939256812734e-44,RPRM,7.614939365683181e-135,LAMA4,4.163109688704917e-25,CDH13,3.7435953621968116e-10,CFD,0.0020163010917676155,PTMS,4.045683061711807e-05
173,SPINK2,3.0616851483905335e-120,AHR,2.834423776407961e-44,GLT8D2,1.2119319935412973e-134,NFIA,5.683018883855998e-25,STK38L,3.857532491372373e-10,FGFBP2,0.002114637423512409,CYTOR,5.204333591657453e-05
174,COX7C,7.69881163753291e-120,MYL12A,5.886650720301491e-44,DLL1,2.9517524812274458e-133,IFITM1,3.7970722447902255e-24,BCL6,4.352639756708627e-10,HNRNPA2B1,0.002126642808154109,ACOT7,5.222834714503521e-05
175,HIST1H4C,1.2517853899121514e-119,HNRNPA0,7.095054373395077e-44,MOXD1,4.46974356341346e-133,PAWR,8.944195227675414e-24,CPE,4.6098787056403223e-10,AKR1C3,0.002170469132309912,PAFAH1B3,5.238299910556911e-05
176,GADD45G,6.433427112112528e-118,SASH1,2.240777636906215e-43,PREX2,6.375471147605972e-133,PARM1,1.007872936473218e-23,CAV2,5.370962833109845e-10,SCARA5,0.002195566775613778,CLEC11A,5.2444981313815866e-05
177,ATP5MC2,1.1816328225868907e-117,DDX5,2.4201758797773216e-43,ENG,1.4752898005816362e-131,ASAH1,1.2054452762500384e-23,HSPG2,5.432233900376106e-10,NGFR,0.002298639970669035,BUB3,5.686016811601707e-05
178,COX7B,1.7617280898185453e-117,HLA-C,2.716950454703599e-43,OMD,1.8496007131223714e-131,CAV1,1.347733702174075e-23,RND3,7.096528551773305e-10,BICC1,0.0023468767651002908,TMSB4X,5.706136272418821e-05
179,MEF2C,4.2794243356634504e-117,IER2,3.32270701914608e-43,NT5E,4.2000907843570946e-131,ANGPT2,1.5128354638313342e-23,IER3,8.987603752754905e-10,AC009041.2,0.0023655290666446858,DEK,5.8695368710779654e-05
180,ACTB,7.213818742235718e-117,ENPEP,5.439037629072859e-43,ELN,5.675433948017895e-131,FTX,2.1690992139900588e-23,SORT1,9.407532298012775e-10,TXNIP,0.002462071500568764,ODF2,5.871262052704408e-05
181,RPS14,1.759760746707986e-116,C11orf96,7.227886636521818e-43,EFEMP1,4.087361407688081e-130,SPTBN1,3.7678790105190097e-23,CYTIP,1.000826832720604e-09,CRABP2,0.0025403686711314194,THY1,5.879895166287815e-05
182,CCNH,2.0121954909311988e-116,ADAMTS9,1.3731535078856918e-42,COLCA1,4.955160207621147e-126,RFTN1,4.43426835517079e-23,IGFBP5,1.04053049885447e-09,CYB5A,0.0026248436795135804,ANKRD36C,6.576199315856774e-05
183,GPR4,6.607735451820625e-116,PDLIM1,2.3699431068489857e-42,CYBA,6.397301445295787e-126,LY6E,1.000929388877003e-22,MT-ND6,1.1693350920997695e-09,ZFHX4,0.002725335081404923,CEP97,6.692416821019872e-05
184,MRPL33,8.198773515567315e-115,ASXL1,4.447200016705646e-42,HMGN1,1.4672730193711622e-125,MAML2,1.2445423950173289e-22,CXXC5,1.6877450320221227e-09,CELF2,0.002743190072789982,MCM4,6.755191521315215e-05
185,BTG2,1.0795498403306722e-114,TAGLN2,4.4773182573944514e-42,EID1,7.771298531451537e-125,COL5A3,2.0099657592436952e-22,FRY,1.9846293547177363e-09,MGST1,0.0028517393373296385,TPM4,6.860389357146222e-05
186,DBNDD2,2.6113114504161507e-114,LAMC3,4.95067786471204e-42,PDPN,7.238301851446556e-124,IGFBP6,2.3136837096547203e-22,ADAMTS1,1.9933367988321553e-09,SNED1,0.0030040462248828886,ANP32E,6.890442598706096e-05
187,HACD1,1.816218397021018e-113,ACVRL1,6.41286777263186e-42,MTCH1,3.118631686165633e-123,LGALS3BP,2.433776275007493e-22,TMEM181,2.1862844872966294e-09,GNG11,0.003032766142121602,FAM102B,6.938787017842926e-05
188,KLF9,3.82260629162227e-113,ZC3HAV1,1.083669517006084e-41,CTSF,6.819349355913732e-123,LRRC17,3.1330363611339345e-22,KLF4,2.243506287625079e-09,SH3D19,0.0031381823024990434,RAD21,6.983384492467578e-05
189,GJA4,6.34169066676554e-113,PLOD2,1.1415954705842685e-41,MFAP2,7.70731404487282e-123,ZRANB2,3.416844349005363e-22,MUSTN1,2.3109258995351364e-09,IGFBP4,0.003171474350027068,PFN1,7.147853787404352e-05
190,APOLD1,1.169182402873877e-112,TMEM173,2.364853069332183e-41,LTBP3,6.632041497271775e-122,EBF1,4.070663412231754e-22,ATF3,3.596261009711478e-09,UBC,0.0032758424244377247,TUBA1C,7.332999600827382e-05
191,EIF1,3.120292603168291e-112,SH3RF1,1.4177866812102881e-40,SAMD11,2.7621818478590746e-121,IFI27L2,9.093891226679136e-22,FOS,3.73027396027411e-09,ANXA2,0.0032841464980063956,MARCKS,7.347920234910673e-05
192,MT-CYB,3.221310123632508e-112,ASAP1,3.0356434022713254e-40,SLC8A1,1.0507184253532705e-120,TSPAN5,1.0331617125235058e-21,THBD,3.917185959221151e-09,TIAM1,0.0034529674021609408,HP1BP3,7.710281510094279e-05
193,ETS2,3.2676670547908045e-111,LONRF1,3.5873767689865245e-40,ARF4,1.905493327803451e-120,WASF2,1.1044612748173949e-21,CRIP1,5.248897888977988e-09,LARP6,0.0035657255958239987,ALYREF,7.725927048360547e-05
194,NDUFB7,8.39885795039091e-111,UBB,3.913022807497127e-40,DUSP1,7.927757403828113e-120,COL21A1,1.2988379908309116e-21,NBEAL1,7.076850508401726e-09,COLEC12,0.0035926983000220225,TUBG1,7.76629638194505e-05
195,TINAGL1,4.4775663601425553e-110,NR2F2,1.0400868194781984e-39,RAB34,1.1158003633944932e-119,DBNDD2,1.3507322581745789e-21,AOC3,7.264342301993339e-09,BNC2,0.003671901154751298,ATAD2,7.824959871150952e-05
196,KLHL23,2.0549041438401261e-109,SGIP1,1.5163355676158548e-39,EFEMP2,1.718443566290905e-119,NPR3,1.4841114698567584e-21,CRYAB,7.438084729969413e-09,PODNL1,0.003979252518135261,CDK5RAP2,8.491179259446455e-05
197,UQCRH,2.8348202850685307e-109,PLSCR1,2.5836130973919005e-39,EMP3,3.543896020121328e-119,EHD2,2.9726847511414842e-21,KLF6,7.594273390447337e-09,CAVIN1,0.00406537726217129,CALM2,8.493625722480659e-05
198,TNS1,6.33491674793422e-109,STARD13,4.298628228562894e-39,PCOLCE,5.256377139973527e-118,LINC01197,3.003309755518124e-21,TSPO,8.283524500398854e-09,SRSF5,0.004241510797131724,SCARA3,8.711542126830717e-05
199,DES,7.003096762724066e-109,TOP1,6.87858287694962e-39,TMEM204,6.564600370792289e-116,RABAC1,3.3523795877340227e-21,GLIPR1,1.3469234603445158e-08,NEGR1,0.004433769254365495,FAM111A,9.292982377164804e-05
200,CASQ2,9.447576066367219e-108,CH25H,7.87912873333901e-39,CD63,1.0094148017946338e-115,RPL37,3.6651122718970805e-21,SEMG2,1.4396603577452298e-08,IFI16,0.004693690561944859,IFIT3,9.543857664359217e-05
201,CDH6,1.4908937454672917e-107,IL6ST,8.562568240527094e-38,COL8A1,2.6121729210957383e-115,EFHD1,3.687760883412195e-21,AHNAK,1.4624537625325976e-08,SPATA6,0.004711410835831343,HIST1H1C,9.959171992683443e-05
202,MT-ND1,2.0402010780666628e-107,ICAM1,9.211027108530823e-38,PCOLCE2,2.8619551326807126e-115,KTN1,6.277012161261992e-21,HSPB8,1.4845883367321436e-08,CD63,0.0047256306340007865,CLIC1,9.967706675765332e-05
203,FTH1,6.416882861226685e-107,IFRD1,1.0408260844766792e-37,CSTB,4.874627093830457e-115,TNFSF12,8.615783050582564e-21,NFKBIZ,1.779108911718447e-08,LEPROT,0.00475463426193637,RBP1,0.00011024730597778332
204,ARID5B,9.890433045938698e-107,IL1R1,2.4098140039046175e-37,GLIPR1,1.1716179796960015e-113,COL4A2,9.249872527347107e-21,TPM1,3.561549285295868e-08,COL8A1,0.004776155639475695,CCDC14,0.00011252279891988076
205,ATP1B3,2.786206658374751e-106,LZTS1,3.724090797823299e-37,RORA,3.5117405103930294e-113,NID1,1.0302289680670583e-20,FRZB,3.569105672411203e-08,SOX9,0.00478244929337825,HDGF,0.00011464752053367887
206,SLC25A6,8.641065817488721e-106,COL1A2,4.944858933769077e-37,NEGR1,2.8360537407645213e-112,KITLG,3.141200897207118e-20,SELENOM,4.035278792471611e-08,ZBTB20,0.004821728377875345,PPIH,0.00012125099701633597
207,RPL9,1.360805279627969e-105,KITLG,5.4342629748197165e-37,TCF4,4.217508968845969e-112,CD302,3.2055201910118256e-20,FOXC2,4.280818408828897e-08,SHISA3,0.004976648711751446,HPRT1,0.00012255866951997745
208,LMOD1,1.7868296725740735e-105,MSC,6.66368143354315e-37,TRPS1,7.573710083059314e-112,NEURL1B,3.665857270153503e-20,CX3CL1,6.308019180176721e-08,FBLN2,0.005020656521684031,RANBP1,0.00012684742405072902
209,KCNA5,4.33160833890969e-104,EBF1,7.441268801627363e-37,LINC01082,9.088490154329704e-112,GPRIN3,4.80316950578791e-20,GLIS3,6.52843851739309e-08,PDE4D,0.005171189231785104,HELLS,0.00012799553984257973
210,NRIP2,8.815805617798969e-104,FKBP4,1.3664652375455203e-36,MDK,1.165935877481311e-111,SEMA5A,5.65130760738755e-20,HSPB7,6.692541672378927e-08,SEMG1,0.005179401940654704,RRM1,0.0001287905430772499
211,LGI4,1.7395002701450853e-103,MT1A,1.901731180528655e-36,S100A11,4.21049584078248e-111,SELENOW,5.989831924805075e-20,VCAN,7.4286952885406e-08,FGFR1,0.0051934390611900645,HIST1H2AM,0.0001292261403449506
212,HCFC1R1,2.832399883031536e-103,COL5A2,2.8534725238172968e-36,PPP3CA,8.880974084961013e-111,COL5A2,5.992693789892723e-20,DKK3,7.640324855444222e-08,CBLB,0.005262179596692287,MELK,0.00012980909679030834
213,MIDN,2.072850329961216e-102,DNAJB6,4.4427843328260716e-36,GPX4,1.2507145976257796e-110,MEF2C,6.803173662312212e-20,FHL5,7.81422549647836e-08,FBLN1,0.005322814808245421,NEK2,0.0001307984591131726
214,TPPP3,2.3876780126847056e-102,ETS1,5.10709026460749e-36,OAF,1.52227693029723e-110,TPM4,7.727347407889153e-20,ANGPT2,9.64323410297152e-08,HSD11B1,0.005323310352818119,SKA3,0.0001310192802978155
215,FOSL2,3.3732905901084216e-102,NRARP,5.562869429662849e-36,BMP4,7.066790561819305e-110,CLIC1,8.886695640837502e-20,BTG2,1.0090817339232811e-07,PLK2,0.005489133976389997,HIST1H1B,0.00013105611796549642
216,RPL15,1.008454753760092e-101,RAN,1.1805286321242986e-35,KRT10,1.7159506628984881e-109,SERPING1,1.0425874203355406e-19,SLC4A7,1.1304941283835669e-07,MEG3,0.005607969561016746,CDCA8,0.00013429862127707133
217,RPL21,1.3423916224531835e-101,FERMT2,2.357988693449629e-35,COL6A1,4.0905360731265953e-109,PSIP1,1.3147549710106558e-19,CAMK2G,1.1511880811331189e-07,EGR3,0.005696901650617475,STX2,0.00013631083116450444
218,FADS3,1.7194235999511496e-101,TMEM165,2.5019862293293004e-35,LHFPL2,4.133690064363046e-108,F2R,1.3421814414239488e-19,CSPG4,1.7628186109516012e-07,CCN1,0.005718010838649966,KIFC1,0.00013650212138714612
219,NOL3,2.1426294883638122e-101,NR2F1,2.74694075587992e-35,CCN2,6.613757839677546e-108,MPRIP,1.3722003070736933e-19,PLEKHO1,2.2860992855313635e-07,RFLNA,0.0058020834836078295,KIF20A,0.0001366553356178191
220,PFN1,2.471533931611705e-101,HNRNPAB,3.2924219933224597e-35,ZNF483,9.772517225745893e-108,DUBR,1.5652813259647741e-19,NTF3,2.366934290802076e-07,STIM2,0.006008312211318737,RPSA,0.0001372313330723529
221,SBDS,4.800974221643726e-101,ATF4,4.020579047701851e-35,MAPK10,2.8941722913748695e-107,JAG1,1.74561469023764e-19,SORBS1,3.618154042997937e-07,LGALS3,0.006039337725386823,TUBB4B,0.00013738531821104233
222,SNHG15,5.126755387574766e-101,RBM39,8.758438427020266e-35,TWIST2,2.0077062358639922e-106,SCN4B,2.1455914028878334e-19,IL6R,4.5197305011242646e-07,BAMBI,0.00634542036945281,CARHSP1,0.00013823515003579082
223,POMP,7.128934766714155e-101,ZEB2,1.7540156063231732e-34,JAZF1,2.1352052554309354e-106,RPS15,3.04143619504933e-19,HRH2,5.100800346495321e-07,KLF3,0.006753912459713379,SPATA5,0.0001390120192447863
224,UQCR11,5.325676686892196e-100,CA2,3.5400949780994513e-34,CXCL12,2.1129256420418685e-105,PLAC9,4.2533798455437464e-19,AC093390.1,5.150265120882786e-07,ESYT2,0.00676558942979245,ARHGAP11A,0.00013908993194473222
225,WDR1,9.909882665068194e-100,SLC25A25,3.834047120725046e-34,ZNF106,9.381947879940659e-105,PDLIM1,5.465389986787729e-19,ACVR1C,6.629354060197653e-07,PAK3,0.006792083281231311,MYL12B,0.00014010654737747836
226,DMPK,2.841927110284561e-99,CCT2,6.402329568944168e-34,ABLIM1,1.3411999460128387e-104,LAMC3,7.140543035801058e-19,DEPP1,7.560609814076314e-07,LMAN1,0.006919677370664354,KDELR2,0.0001422403842005802
227,TUBB4B,3.2858613959793224e-97,CSRNP1,1.7746904082602237e-33,KDELR1,1.347511751966435e-104,PDE8B,1.5060573875139586e-18,PDE5A,8.144656741457597e-07,IFNGR1,0.0074505166036985945,MPHOSPH9,0.00014231999996688769
228,RPL7,1.9577167629660723e-96,TM4SF1,1.958007211899239e-33,VAMP5,2.7856841295186697e-104,C1R,2.707915130372727e-18,DMD,1.0409757363530913e-06,CD81,0.007740493619740433,ITGA4,0.00014339892882793352
229,ATP2B4,3.4507344738326577e-96,SNHG15,2.704726187271611e-33,FAM114A1,3.27525956339415e-104,TCIM,2.870347019058771e-18,AKAP1,1.0483890381192009e-06,RCN3,0.007830489289015934,UACA,0.00014412248907620296
230,NDNF,3.702189496019325e-96,IFIT3,4.6723027366205005e-33,TCF12,5.225678045769575e-104,RHOC,3.0392750286156878e-18,GLS,1.1561643147925787e-06,SCRG1,0.00835690970311944,RAD51AP1,0.00014549860408045418
231,MAFF,4.160138719065028e-96,S1PR3,5.870038527004938e-33,TTC3,1.1329614896147255e-103,FAM162A,3.43532065841282e-18,NR4A1,1.2217787339733871e-06,ZFP36,0.009182905758406358,FOXM1,0.00014696914763983487
232,RCSD1,4.986190543956898e-96,PLEKHA4,6.136687808127e-33,COL16A1,1.2872169666449493e-103,SLC38A2,3.870133218800869e-18,MOB2,1.2401538301879981e-06,FMNL2,0.00918452315040448,FAM111B,0.00015045502077685167
233,PPDPF,1.3536017421781698e-95,B4GALT1,6.348865153585802e-33,PERP,4.1634920820097225e-102,ACTG1,4.347347907659736e-18,CSDC2,1.4018635990557096e-06,EPB41L2,0.009237226996682934,GNB4,0.0001512542141759206
234,MRVI1,8.633700108788648e-95,RBM8A,9.570518765760447e-33,MYH10,1.2702936524792249e-101,RPL37A,5.619143364992545e-18,RTN4,1.6493667104474561e-06,UAP1,0.009976918936238612,COL1A1,0.00015393285988625854
235,EFHD1,1.3546040595064405e-94,RSRC2,1.3764703722736688e-32,SKIL,1.602747084189538e-101,NREP,5.636947531301412e-18,ALPK3,1.9685887784725964e-06,HELLPAR,0.010835266071708012,HIST1H2AH,0.00015419028460355805
236,PNP,2.339498821514114e-94,YWHAZ,1.3942002831949328e-32,GATA2,1.8300733270302428e-101,PDE1A,5.770635944643878e-18,HIVEP2,2.0139610142290863e-06,CYP27A1,0.01085026796255087,CDKN2D,0.00015457718156535442
237,ARHGEF7,2.835097352100476e-94,PCBP1,2.6744515326156133e-32,SMARCA2,2.879820187168862e-101,TPPP3,8.492768612035723e-18,DGKH,2.0585571789072193e-06,GRASP,0.0109453942241926,SRGAP2B,0.00015487873297644425
238,DACT3,2.4077700433684726e-93,HNRNPDL,3.207588015176625e-32,SARAF,4.0821658702388543e-101,IL34,1.5944952884191502e-17,SYNE1,2.1321355716479923e-06,PHIP,0.011234267221777353,AP2S1,0.0001616097371392796
239,PGM5,5.3606697140088374e-92,TAF1D,4.3504804871157484e-32,PDIA6,9.39713319819099e-101,MBNL2,1.856627784897178e-17,ARL6IP5,2.1671226882223352e-06,SRPX2,0.011400819236770865,RHOA,0.00016305190484064246
240,PRKAR2B,9.367637336177434e-92,BATF3,4.6737519883094997e-32,CYBRD1,6.251842303401619e-100,RAC1,2.144461090584496e-17,FBXO32,2.1786148717653498e-06,PHF3,0.011402780113130057,FAM83D,0.00017162964050798911
241,SNX10,1.624679084111124e-90,CDKN1B,6.128102809101948e-32,PCDH18,6.829219090580153e-100,ITM2B,2.589849471959181e-17,PDE1A,2.359127188411837e-06,PNISR,0.011524940667435674,HIST1H1E,0.00017282082679516192
242,TLN1,2.2077047144715853e-90,MSX1,6.404949927501779e-32,RBBP7,5.093646640799796e-98,RALGPS2,3.106458329142837e-17,FCHSD2,2.372002926815784e-06,MDFIC,0.011761660190060166,CAP1,0.0001826341098409992
243,GSTK1,8.945614719360454e-89,BCL3,3.508288119999165e-31,LAYN,7.049863823836127e-98,ADH5,3.4158389006754396e-17,PBXIP1,2.4272383137367376e-06,H3F3B,0.011936147258377855,CFL1,0.00018404905751887347
244,CSPG4,1.7074507798226332e-88,TSPAN5,3.945663437067465e-31,SLF2,1.5855756031239127e-97,LUC7L3,3.760129226362e-17,CXCL12,2.652449328145448e-06,FTH1,0.012177214612369406,PLP2,0.00018450604636088898
245,CAV2,1.3228814952930208e-87,LURAP1L,4.72516381633177e-31,PPP1CC,2.713175260252734e-96,RASGRP2,3.9590342583558926e-17,RHOQ,2.7031318895914005e-06,SRSF3,0.012209472392770166,PSME2,0.0001867041983726572
246,RASL11A,2.6734396080544125e-87,GATA6,6.634356573195134e-31,SH3D19,9.45907972092707e-96,TMEM273,4.346710533953978e-17,SYNPO,2.9186270450112355e-06,SDCBP,0.0124151831713865,DNMT1,0.00018866721774548871
247,ATP5PO,8.061760506189647e-87,GJC1,1.176425738003089e-30,CSRP1,3.366364382788127e-95,C4orf3,5.791952294431562e-17,JUNB,2.930922106981626e-06,PHLDA3,0.01285217815756657,CLSPN,0.00019350042601048672
248,RPL23A,1.9850006915785492e-86,IRX2,1.2063651193348065e-30,RNASE4,4.325000630937843e-95,PTGER3,8.568513372068072e-17,CD164,3.1553733768432665e-06,PLEKHB1,0.013033180250460961,PIN1,0.0001951550475183714
249,NR4A2,3.050396395510992e-86,NCL,1.855002222814498e-30,RCN3,7.154107113841489e-95,MT-CYB,8.684095567254578e-17,CPED1,3.2290953843001875e-06,GAS7,0.01348591206583907,C1QL1,0.0002032394154825186
