,0_n,0_p,1_n,1_p,2_n,2_p,3_n,3_p,4_n,4_p,5_n,5_p,6_n,6_p,7_n,7_p,8_n,8_p,9_n,9_p
0,STEAP4,0.0,MYH11,0.0,FBLN1,0.0,KLK3,3.2636799329587847e-74,CLU,1.1543649007920597e-75,EEF1A1,3.359766884624464e-58,NEAT1,1.1893478507674816e-41,APOD,1.5258726883025524e-32,KLK3,9.142814896614069e-26,BUB1B,4.4350517782340183e-08
1,CCDC102B,0.0,DSTN,0.0,DCN,0.0,RPS29,9.391990361053606e-72,LTBP1,5.760860883296387e-71,RPS27A,2.975390442397579e-57,MTRNR2L12,4.576886425056742e-41,DCN,1.1608632167454743e-28,ACPP,1.2727267387739509e-25,TOP2A,4.441416564512039e-08
2,ABCC9,0.0,MUSTN1,0.0,IGF1,0.0,TFF3,1.3534948374822806e-54,LPP,4.8918125613071775e-64,TMSB4X,2.550022452909381e-51,CXCL8,4.621347610437173e-20,LUM,9.364736189566476e-23,KLK2,4.7366663963317746e-24,CDK1,4.48621868043051e-08
3,TMSB4X,0.0,BCAM,0.0,APOD,0.0,CCL5,4.98788534048478e-52,NNMT,1.731511633434831e-62,RPS12,1.0071270337095246e-49,PLCG2,1.7056391674210602e-17,CFH,1.1340864907384375e-20,TFF3,7.841014597878028e-24,KNL1,4.495875978826615e-08
4,NRP1,0.0,CRIP1,0.0,LUM,0.0,HSP90AA1,4.010041405890147e-50,NEAT1,3.1440040558727347e-62,RPS3A,1.4962545294014838e-49,THBS1,4.24759696567707e-15,GSN,2.0721632833239455e-19,H2AFJ,1.4463594786958664e-23,MKI67,4.515251075047187e-08
5,EDNRB,0.0,LBH,0.0,LTBP4,0.0,CXCR4,1.9450618955813364e-47,MT-CYB,5.310684751193483e-58,TPT1,4.730230359650068e-49,YBX3,7.385948758090566e-15,ABCA8,2.319103940964299e-19,FABP5,1.5556051323001586e-23,ANLN,4.531458801800911e-08
6,ADGRF5,0.0,TAGLN,0.0,ALDH1A3,0.0,ANXA1,2.8857180972416583e-47,VIM,1.8408667943980072e-57,RPLP1,2.1900557621669952e-48,IER3,1.9081753459324833e-13,PTGDS,2.986436150364844e-19,GDF15,9.110434131931752e-23,NUF2,4.534707108546426e-08
7,SPARC,0.0,PHLDA2,0.0,MMP2,0.0,HSPA1A,1.4067012052120213e-44,MYH11,3.0996589433831167e-56,RPL13,6.434272668514025e-48,CDKN1A,3.4670477557552606e-13,PI16,1.9744954625270547e-17,PLA2G2A,1.1656515545192883e-20,UBE2C,4.550982532584372e-08
8,GUCY1A2,0.0,MYL6,0.0,PTN,0.0,HSPA8,1.668085175143041e-43,PLN,6.207139751639369e-56,RPS4X,1.9494175276777144e-45,RPS27,8.971190075682809e-12,CYP1B1,6.9342838588183e-17,CCL4,3.645896140827342e-20,BIRC5,4.5705878006706244e-08
9,EPS8,0.0,MYL9,0.0,SFRP1,0.0,RPS26,2.1322122394199864e-43,EDIL3,5.992106266032766e-55,RPL3,3.8251814829442273e-44,C11orf96,1.6045940454954627e-11,NRP2,1.2943512479115534e-14,RDH11,1.1552419473923458e-19,PBK,4.580421113992677e-08
10,HIGD1B,0.0,FRZB,0.0,SERPINF1,0.0,PLA2G2A,4.192677919213695e-40,ACTG2,1.3813656329176892e-52,RPL19,3.6895611767749305e-42,ADAMTS4,3.1533955763724887e-10,PDGFRL,2.240718327622774e-14,RPS29,1.5421506573170109e-19,NUSAP1,4.586988046898484e-08
11,CTSC,0.0,TPM2,0.0,LGALS3,0.0,MT-CO1,1.3667562000716212e-37,ADIRF,5.849400266199038e-52,RPS18,8.128838508034339e-41,MALAT1,5.331592284505508e-10,PRELP,7.441421529224642e-14,NKX3-1,3.2465734846717137e-19,DIAPH3,4.606743655679623e-08
12,LHFPL6,0.0,MAP3K20,0.0,ALDH1A1,0.0,NPY,8.280950376004858e-37,NTRK2,1.5922390958999637e-50,RPL30,1.5234415099414067e-40,GEM,1.0041746090179159e-09,SCN7A,8.641440740363362e-14,AZGP1,3.4700099472516143e-19,TPX2,4.6133471695460367e-08
13,PMEPA1,0.0,HOPX,0.0,SPON2,0.0,KLK2,5.2218600155535384e-36,TAGLN,6.595544862058007e-50,RPL32,2.8959984481979942e-39,SOD2,7.519061238651183e-09,CLDN1,2.0800544192328298e-13,TMPRSS2,3.088322008283493e-18,STMN1,4.639853108007172e-08
14,CAMK2N1,0.0,MCAM,0.0,PDGFRA,0.0,DNAJB1,1.492048855968438e-34,FLNA,4.446346311920552e-49,RPS23,3.137187313888633e-39,LMNA,1.5522851588964618e-08,TCF4,2.4065713962436826e-13,MT-CO1,1.4389004972239758e-17,NCAPG,4.7135079237960156e-08
15,KCNJ8,0.0,RERGL,0.0,SPOCK3,0.0,RPS27,6.0579965658857495e-33,CNN1,2.846090232402638e-46,RPS6,6.827484496423083e-39,DDX5,1.403740098447815e-07,IFI27,4.0055663394943424e-13,FXYD3,6.40225212630697e-17,CENPF,4.8020164105437406e-08
16,GGT5,0.0,PCP4,0.0,MXRA8,0.0,B2M,6.293217385013284e-33,SPARCL1,4.652914971500648e-46,RPL34,1.4136995576568935e-38,NAMPT,5.92373431297515e-07,MMP2,8.837483141966516e-13,RPL36,1.128657202938172e-16,KIF11,4.895633654343263e-08
17,COL3A1,0.0,PLN,0.0,RNASET2,0.0,PTPRC,8.957835397196485e-33,MT-ND1,2.15107359418104e-45,RPL12,6.923662426213296e-38,MT-ND3,1.031884252656217e-06,SPTBN1,2.787153108654619e-12,RPS26,1.724320083502698e-15,TUBA1B,4.895633654343263e-08
18,THY1,0.0,SYNE2,0.0,MIR99AHG,0.0,CD69,8.242448545886306e-32,MT-CO1,2.5980953934265944e-45,RPL7A,2.0882340987430814e-36,UGCG,1.045643930821124e-06,MEOX2,3.3288925669796477e-12,SLC4A4,2.6732836549907278e-15,ASPM,4.902638206389398e-08
19,FAM13C,0.0,TMEM38B,0.0,GSN,0.0,HSPD1,6.685640416478254e-31,MCAM,1.3470931965293195e-43,RPS24,2.0569428340336533e-35,PPP1R15A,1.4825669899319368e-06,CSTB,9.423700983683354e-12,CLDN4,4.397657440389979e-15,TUBB,4.9448699687332656e-08
20,COX4I2,0.0,MYLK,0.0,EMILIN1,0.0,ACPP,5.1344922390992856e-30,ITGA8,5.784738247129655e-43,RPS8,2.5080380802608077e-35,VMP1,1.743698835855428e-06,SERPINF1,1.2153910497729538e-11,RPL41,1.2407617836154102e-14,PCLAF,4.998155744728934e-08
21,DLC1,0.0,RGCC,0.0,TCF21,0.0,BTG1,8.667640586266856e-30,CSRP1,5.083430349612192e-42,RPL41,1.5579502391406268e-34,IL6,2.298129867075624e-06,LTBP4,1.9069925015477506e-11,PCAT4,1.974936482499002e-14,TK1,5.6826274883698426e-08
22,TCIM,0.0,NET1,0.0,RORB,0.0,IL32,2.204308119128292e-28,CRLF1,3.88337107928716e-41,RPL10,1.766178840637079e-34,TRIB1,2.404922764583671e-06,NDRG1,2.561838743625386e-11,IFI6,1.6114250586539986e-13,PRC1,6.219331466090415e-08
23,EPB41L2,8.390252439806436e-308,ADIRF,0.0,MGST1,0.0,CD74,1.4245364225202062e-26,SOD3,1.0344617315757255e-40,RPL11,2.5117439728899764e-34,CEBPB,4.248760513692566e-06,GLUL,9.962167907061334e-11,SAT1,2.774803196898635e-13,PTTG1,6.339605635560664e-08
24,GUCY1A1,2.5698284006642936e-307,FILIP1,0.0,OLFML3,0.0,SRGN,1.9168660348538077e-26,MT-ND5,4.883934812191707e-40,RPL13A,6.558002890626989e-34,JUND,4.524814838515953e-06,ANXA1,2.1377199944020931e-10,CXCL8,3.451508255102193e-13,SMC4,7.089924647395697e-08
25,AVPR1A,9.58060647975312e-297,MT-CO1,0.0,HELLPAR,0.0,HSPE1,2.672861827345918e-26,KCNMA1,3.501930857419268e-39,RPL10A,4.4492709094540777e-33,RPS21,5.07039803157863e-06,S100A13,3.0500284034491655e-10,MESP1,4.0257240731187064e-13,MAD2L1,7.140202787211498e-08
26,PDGFRB,7.491639348909102e-295,TBC1D1,0.0,CST3,0.0,UBC,5.214981882388778e-26,MT-ND4,9.83513901200048e-38,NACA,7.365614506436747e-33,CHSY1,1.1177868030428169e-05,AKAP12,3.623221723695099e-10,TSPAN1,4.701485233530653e-13,CKAP2,7.592442171456175e-08
27,HGF,2.20423262308071e-288,GADD45B,0.0,PTGDS,0.0,IL7R,6.250032072098916e-25,ZFHX3,2.8178329655608307e-37,FTH1,7.974792526677074e-33,FOSB,1.7380904312854315e-05,KLF5,4.6553126369462777e-10,TRGC1,2.1344346662458616e-12,HMGN2,7.815066942550903e-08
28,IFITM3,2.488391640579408e-283,NDUFA4,0.0,CFD,0.0,RPL39,1.9945279658221736e-24,MT-CO3,3.1558653849341553e-37,RPS14,1.3450327515810118e-32,RPL37A,1.8161019772292847e-05,LPCAT2,7.26362405840068e-10,MT-ND4L,2.421871715032659e-12,CKS1B,7.976336739855779e-08
29,PROCR,1.4363444938187875e-276,AOC3,0.0,DKK3,0.0,CD52,3.0845828462606596e-24,MT-ND2,1.92756023257947e-36,RPL5,3.583681932092071e-32,HNRNPH1,1.955430956441859e-05,OGN,1.5080094630590844e-09,TSC22D3,2.4414066165838184e-12,ECT2,8.279436997855879e-08
30,EPAS1,9.362145959608897e-275,ARPC1A,0.0,MATN2,0.0,RPS28,1.746614429982599e-23,DSTN,9.474268138432034e-36,RPL7,4.893239301378533e-32,RPL41,2.5856638341728527e-05,MARCKS,2.221823352806227e-09,RPS28,2.575848932493245e-12,TMSB15A,1.0188492398423124e-07
31,MYO1B,1.811473763039071e-271,CPM,0.0,PODN,0.0,TMSB10,5.234754601182031e-23,NTRK3,3.5802534941817383e-35,RPL23A,6.36126527039242e-32,IL1B,2.6355661657665422e-05,TFPI,3.074465825709627e-09,HSPD1,3.79767581065186e-12,CENPH,1.2382256296820523e-07
32,IGFBP7,9.872721112665992e-267,FLNA,0.0,PAGE4,0.0,HSPH1,7.179554275007173e-23,RERGL,3.95738854604942e-34,RPL6,3.4883457500510573e-31,EGR1,3.38230512012889e-05,SFRP4,4.144581581714812e-09,GADD45G,2.7637170991302376e-11,HMGB1,1.4085211514060402e-07
33,RGS5,2.853484949165174e-265,SLC38A11,3.12784370069497e-310,NBL1,0.0,JUND,1.7335691056602676e-22,ACTN1,4.1331640539187565e-34,RPS15,7.189511806625759e-31,RPS29,6.953713403375803e-05,ITM2A,5.176694952026237e-09,RGS1,5.7984811058309565e-11,NCAPD2,1.5029916995857884e-07
34,COL4A1,1.3979256445916436e-260,RAMP1,3.6622992302621046e-308,C7,0.0,HSPA6,1.8471712100816112e-22,GADD45B,5.832028761601329e-33,RPL26,1.5061036830933542e-29,KCNQ1OT1,0.00019081386111303373,VIT,5.538891369706674e-09,KLF6,6.270847814064933e-11,KIF20B,1.5270236908979526e-07
35,ZEB2,2.5399312939649487e-258,HES4,1.9742013859292647e-307,PLTP,0.0,RPL28,7.24601342018039e-20,A2M,7.664964302496056e-33,RPL22,5.727402430204728e-29,ATP1A1,0.00023711015415162447,ABCA6,1.0303492460175922e-08,LRRC26,8.339819799608318e-11,GGH,1.5535668650167854e-07
36,PLXDC1,1.0571036550959988e-257,UTRN,6.7719187997499645e-307,NFIX,0.0,RPS21,2.4699638830529795e-19,CDKN1A,2.196905886418983e-31,RPS3,7.236468588613615e-29,KDM6B,0.000775920857143132,ABCA10,1.2658778078918005e-08,DBI,8.517505710969844e-11,H2AFZ,1.656280119314917e-07
37,CALD1,5.594160153730687e-257,ZFHX3,5.113685791537179e-299,MRC2,1.60126636639304e-310,CD2,3.0445572512836633e-19,LMOD1,1.5770234606915684e-30,RPL35A,1.5125166152263848e-28,FOSL2,0.0009630517908031489,EGFR,1.8006790068180166e-08,DHRS7,1.8184052723541402e-10,SMC2,1.6631275838188786e-07
38,FRMD3,2.7544579035674116e-256,NRGN,7.186418817799297e-293,SSPN,8.214453776988382e-308,HCST,1.1010074401510439e-17,HSPB6,3.0859753792732976e-30,RPS25,3.3016115418936647e-28,ZNF331,0.001198100535242548,PRNP,2.280506329717747e-08,RHOB,2.4673247891259407e-10,HMGB2,1.7083079350409556e-07
39,COL4A2,1.3075247263004432e-250,MGST3,1.0408256761570778e-292,LSAMP,4.738818990860135e-301,KRT17,1.273874535646173e-17,C12orf75,8.366446604670624e-30,RPS15A,9.247336800854927e-28,ELL2,0.0012026492035855433,TIMP2,2.2943803354530723e-08,TCIM,2.713919336984045e-10,LMNB1,1.9472690367575686e-07
40,NR2F2,6.384257278737601e-246,CAP2,1.793258659999416e-291,CYGB,1.4479616328223114e-299,CCL4,2.1959053621426046e-17,LBH,1.051818433858966e-29,RPL9,1.291168464701388e-27,PTMA,0.0013139183782118387,ALDH1A1,3.8368503865205716e-08,PPP3CA,3.1830022840406897e-10,LGALS1,2.238113360384051e-07
41,DPYSL2,4.681403480313484e-242,SLC38A1,5.681217018698704e-290,NFIC,1.5783410310697473e-298,SAT1,2.6646558794263808e-17,ABI3BP,7.893203964063476e-29,RPL21,1.5943806917214631e-27,MAP3K8,0.0014357339703151518,EID1,4.026435188959578e-08,RPS27,3.411716219005763e-10,H2AFV,3.486378352697459e-07
42,HLA-B,2.6447674337435075e-238,PDGFA,6.314614053863184e-290,ANXA5,1.8379773973674482e-298,RGS1,4.181554260606629e-17,TNC,9.37780868841916e-29,RPL37,1.6148838025957312e-27,MTRNR2L8,0.0020492861604638757,CST3,4.2860345871386794e-08,ABCC4,3.4364740644308556e-10,DTYMK,3.932619029393225e-07
43,SEPTIN7,1.2856778284464102e-235,CALM2,1.1170137664160265e-288,FTL,1.6552743420403727e-293,DNAJA1,7.429091831648142e-17,PDLIM5,1.0817463662936808e-28,RPL37A,7.820088516913985e-27,AL627171.2,0.00239830124426159,FLRT2,4.9848373912061904e-08,NUDT8,3.876152852258178e-10,NUCKS1,4.7287646602599415e-07
44,ITGA1,1.0155025394782901e-234,SLC25A4,5.1059946561691834e-285,DIO2,1.8006078497447968e-291,LCP1,1.4125576839863635e-16,APLP2,2.390421677818651e-28,RPL35,1.3344728997637274e-26,HNRNPU,0.0025021714291352496,FN1,5.8333735042190344e-08,MT-ND3,4.923273441066278e-10,PHF19,5.096364546515285e-07
45,CD59,1.4477286255445196e-234,SORBS2,5.680698792521873e-280,CCDC80,5.50044186878076e-287,HSPA1B,1.8121821964490185e-16,ACTA2,1.3847675721147712e-27,RPLP2,3.2480354759177223e-26,HNRNPA1,0.002690110873321104,S100A6,6.377112588775701e-08,RPL37,7.644134393680442e-10,CKS2,5.775502814085467e-07
46,ARHGDIB,5.55499992452284e-231,SOD3,1.4161252435437522e-268,NPC2,4.6449619866226876e-284,CD3D,2.14117308095795e-16,SORBS2,2.740866289178636e-27,RPL14,2.2618338921309243e-25,PDK4,0.0028571837623867415,PLAC9,7.043086588160995e-08,OR51E2,7.957984326146558e-10,EZH2,7.110971942455257e-07
47,CPE,1.4631114338487852e-229,NUDT4,1.0237943058164161e-259,FCGRT,1.6641954098143463e-283,CLDN4,3.4999445093781173e-16,MT-ATP6,2.9570645348745215e-27,RPL8,5.071899434341338e-25,MT-ATP8,0.0028947181773200654,LAMA2,7.55099441036929e-08,AGR2,1.0554830892388328e-09,DBI,7.204531747036872e-07
48,COL18A1,2.1038933505478018e-227,PTMA,3.2016109097958435e-258,HSD11B1,2.038347668767058e-283,DUSP2,3.8847233895942e-16,SPEG,3.6022560791872924e-27,RPL27A,2.370731505442753e-24,MT-ND1,0.0031237470587199938,COL9A3,9.017632928016041e-08,CD24,1.2913082438360641e-09,RAN,8.173137406434023e-07
49,NID1,1.2578384232036886e-225,ACTA2,1.913513305415873e-256,FN1,1.6860430032726541e-282,TNFAIP3,1.7006735129983783e-15,C11orf96,8.470456285274371e-27,FTL,1.3373108355908708e-23,MT1H,0.0036617765820874185,MTSS1,1.1129372304090458e-07,RPL31,5.145535034745557e-09,SPC25,8.481605693777182e-07
50,IMPA2,1.66162394695243e-217,TPM1,3.299886261411375e-255,PID1,3.554453867649832e-281,RPL37,2.2976442642636414e-15,ZFP36,9.566279629858189e-27,RPL18A,4.6864588882193406e-23,IGHM,0.0037929762441202127,MXRA8,1.212781617747052e-07,TMEFF2,6.9678840082544305e-09,BUB1,8.801270134766067e-07
51,RBP1,3.884366269791533e-217,C11orf96,3.7724527643109233e-253,MGP,9.550226891220363e-280,HLA-DRB1,3.4527576869684132e-15,GPRC5A,3.6060729535156256e-26,RPS11,2.1610034679068237e-22,CHD1,0.00413440391976975,DDIT4,1.4715510041068545e-07,KRT18,7.364074907905694e-09,CDCA5,9.006188679798487e-07
52,NOTCH3,2.704943359767898e-214,SLIT3,2.0834596176888395e-251,CTSK,1.779883310118702e-279,GZMA,1.8205676832362603e-14,MYLK,3.826325402003697e-26,RPS20,2.4643829719695584e-22,LIF,0.004219934502688413,AFDN,1.490567012076567e-07,RPS21,8.271747846831224e-09,RRM2,9.023714708830407e-07
53,NR2F1,1.4783402139044804e-211,RCAN2,5.15021225907465e-250,OGN,1.0901305764873806e-278,CD3E,2.0016737500364378e-14,SEMG1,1.4886381661955348e-25,RPL17,3.5342066572149593e-22,FTH1,0.004271251524956914,EBF2,2.3226173638292336e-07,RPL39,1.118121861408379e-08,CDKN3,9.150282403530027e-07
54,BGN,5.053415509084996e-211,PPP1R12A,5.103138442835821e-249,LRP1,5.936676763812501e-278,EGR1,9.500036321440553e-14,SNCG,1.9004845889346644e-25,RPS13,4.961022582362187e-22,GABARAPL1,0.004427765375796968,ABLIM1,2.4156915113392253e-07,UQCRQ,1.3207875745519077e-08,SHCBP1,9.176988786868405e-07
55,IFITM2,1.922987709337329e-210,SORT1,4.6908506571665506e-247,TNFSF10,1.422308394858378e-275,S100A10,1.4483202799416214e-13,CASQ2,7.2174316937391e-25,RPL38,6.887896163638502e-22,MSMB,0.0049449477571489224,LAMB1,2.616340226775749e-07,HSP90AA1,1.3725993835399252e-08,CENPU,9.755472145051228e-07
56,MYH9,1.1119780885777167e-209,CD9,3.33166615798374e-246,TIMP1,7.096795622180573e-274,AREG,2.0261893085640873e-13,ENAH,1.0571680304689102e-24,RPL36A,8.877686500844655e-21,RPL31,0.005968268635250605,FSTL3,3.726179960852306e-07,STEAP2,1.5407553903494805e-08,POC1A,9.844104180441064e-07
57,GUCY1B1,2.9196388966132666e-209,PPP1R12B,1.6431920612836853e-245,ABCA8,1.2793951455049599e-273,CYTIP,2.4651532196495576e-13,SUSD5,6.941351754189101e-24,RPS16,1.4782198249434737e-20,RPL23A,0.006754906595942851,ABCA9,3.8435774546840335e-07,MPC2,2.0426836562680422e-08,CCNA2,1.0308984661166298e-06
58,ARHGAP42,2.847254554359634e-207,SERPINI1,7.355088237741885e-245,S100A13,5.009883445844421e-273,EZR,2.7722975777861037e-13,AEBP1,2.0622287734572305e-23,RPL24,4.4530458752683126e-20,LDHA,0.006872477577583943,FTL,4.024886348646266e-07,MT-ATP6,2.163075787079834e-08,ZWINT,1.031563396465597e-06
59,SEPTIN11,1.86032277580421e-206,ATP1A2,3.7592550520123735e-244,SCN7A,1.3977519032174225e-271,TRBC2,8.725584681184151e-13,MFAP4,2.747699747946031e-23,PFDN5,5.2760010432724236e-20,MYH11,0.007193136092940114,KCTD12,5.224823585616617e-07,HSPA8,3.6558678195164934e-08,KIF23,1.0473086232044555e-06
60,PLCB4,8.313560867209927e-204,CDKN1A,2.3370133834452134e-238,PLEKHA5,3.501233886966572e-268,SAMSN1,3.546682714507245e-12,NFIB,3.2186312289846795e-23,RPL18,2.880818612154341e-19,EIF1,0.007232768840162708,ADD3,5.947988611900808e-07,ELF3,4.207502293421539e-08,FANCD2,1.0608907817686462e-06
61,TFPI,2.618405430321728e-201,ACTN4,9.416113945158239e-238,RARRES2,2.6648118203154e-266,RPS19,3.701785882627931e-11,KCNMB1,5.035953077490543e-23,RPL29,2.129950839969155e-18,IGLC3,0.00795976087297968,NOVA1,9.815598458448366e-07,MT1X,4.509410523004742e-08,TYMS,1.137579525264081e-06
62,COL1A2,6.446106553241765e-200,LRRC10B,1.7958085708991826e-234,BEX3,1.2547870417775754e-265,HSPA5,7.2339900289606e-11,FOXC1,7.33342531814714e-23,RPS9,3.0664577156804457e-18,HIVEP2,0.008093032743361792,TPM3,1.0190392413466201e-06,MT-ND5,4.6382126482569776e-08,CENPE,1.1868091141327678e-06
63,EPHX1,6.535662282775036e-196,MT1E,4.813135810372427e-231,PRNP,3.726651409220177e-265,IFNG,1.2280839992775792e-10,FHL1,9.606503887653508e-23,RPS5,7.023222901156877e-18,MT-ND2,0.01214591235342183,CDH19,1.0649425185212489e-06,MT-ND4,6.067682991440899e-08,HMGB3,1.2063733169342538e-06
64,LPL,1.8817004713131052e-195,MSRB3,1.8306593205197102e-229,ADD3,3.486100324268008e-263,RPS12,1.586584628033481e-10,CSRP2,9.77577124234681e-23,PTMS,1.53658719670561e-17,CXCL3,0.012409165826737607,RAMP2,1.6265454790365117e-06,HSPE1,6.505218485095733e-08,CENPW,1.3713887451368482e-06
65,PHLDA1,3.742274430320164e-189,PTP4A3,6.100137849306745e-227,FABP5,6.524967055683533e-257,TRAC,2.4939784511491007e-10,MALAT1,1.0165587916526865e-22,LGALS1,1.827188895645286e-17,GPRC5A,0.01292419104656847,CYGB,1.8212927302814103e-06,MT-CO3,1.0002722919940992e-07,MIS18BP1,1.4826716550038487e-06
66,KCNE4,2.1491812965230704e-187,CNN1,1.2315610874481004e-225,COL1A2,7.032825409119063e-255,TRBC1,2.6565171329163127e-10,MT-CO2,1.0180842327211579e-22,RPS29,2.7106402679089886e-17,TNFRSF12A,0.012993973073194068,LAPTM4A,2.040926063415447e-06,DNAJB1,1.0569296944507956e-07,HIST1H1A,1.5232706731969251e-06
67,ITGB1,2.1634317613192246e-183,CYCS,1.6691250504636042e-225,PEMT,1.3107253984396664e-253,RPL36,3.3116813089142773e-10,SBSPON,6.607431736295562e-22,RPL27,5.150058037663492e-17,CD74,0.014387907948457204,VCAN,2.126794948110218e-06,DCXR,1.4085041842144897e-07,SGO2,1.7068414434074773e-06
68,PAG1,1.8769031168425933e-181,KCNAB1,1.0157641806461192e-224,CPVL,3.959305321614791e-248,TACSTD2,3.3126003343557983e-10,PLS3,6.844089571370204e-22,EEF1B2,1.411523600909028e-16,RPLP2,0.014700259716993997,FZD2,2.55144739235979e-06,TUBB4B,2.0426640984760423e-07,CCDC88A,1.773931278106636e-06
69,NDUFA4L2,1.5410103109157805e-180,UBA2,2.949594902132008e-223,MEG3,1.427545261729098e-245,RPLP1,3.494132802557726e-10,SLMAP,1.180329263964452e-21,RPL15,3.0356345016762615e-16,ICAM1,0.015632246130229035,INHBA,2.9827819310423007e-06,MT-ND2,2.0550474982302023e-07,KNTC1,1.8135620650659805e-06
70,TAGLN2,1.0120621584703296e-179,YBX3,4.9300488626107544e-222,SFRP2,2.8113203892143033e-245,IL2RG,4.201368342804733e-10,CRIP2,1.249039434702284e-21,CST3,7.778283047504495e-16,ADAMTS9,0.016219855091453936,S100A16,3.240180378789166e-06,SPON2,2.0590694031817783e-07,GAS2L3,1.9461790434987876e-06
71,PTEN,2.648954364127714e-176,MOB2,9.896900068911226e-222,SAT1,3.9624695805182614e-244,ZFP36,5.028851598415997e-10,COMP,1.4401131685198018e-21,SERF2,1.64016684634816e-15,MCL1,0.017278714581841905,LRP1,3.519292938273708e-06,RPL37A,2.3387023059737608e-07,RHEB,2.0542833430503364e-06
72,COL6A3,7.533854548126676e-175,CRIP2,9.724677072710678e-220,SRD5A2,1.1145043008146831e-243,UBB,3.4871643025859232e-09,CCDC107,1.6628249679823086e-21,RPL28,2.012665307950436e-15,RPL27A,0.018965073140346216,MAN1A1,3.5705363736101264e-06,MGST1,3.5610878277536454e-07,SKA2,2.126419037780834e-06
73,TXNIP,1.5256733187818824e-170,CCDC107,3.044525438456293e-218,PLXDC2,4.244538606643657e-242,ACTB,3.748207285304886e-09,PDLIM3,3.499362950092464e-21,UBA52,2.021755888548967e-15,KLK3,0.022886212663080528,RASSF8,3.876829763954478e-06,ALDH1A3,3.888500555980272e-07,CBX5,2.2434096149910577e-06
74,DPY19L2,2.388005939128733e-170,UQCRB,5.415650184029122e-214,MXRA7,2.5930394841983117e-239,HSP90AB1,8.629794737524677e-09,ID1,8.180110767832212e-21,RPL36,2.95149230542903e-15,RPS20,0.025552175299202274,METTL7A,5.243161074763195e-06,GOLM1,6.129447033093698e-07,CALU,2.338650499935819e-06
75,C20orf27,8.941932050788165e-169,MT1X,1.673871945008901e-213,NOVA1,3.3412193189890527e-239,CD48,9.020562401005239e-09,PPP1R14A,1.1398023790883299e-20,RPS27,3.0152583514927764e-15,GPM6A,0.026893006360768457,SBSPON,6.096541279021522e-06,CD9,7.861468821019394e-07,PSRC1,2.6622614443200025e-06
76,GJC1,5.55280946171629e-168,GPRC5C,4.4932462201055576e-213,G0S2,1.3075626748256798e-238,ITM2A,9.77946260740064e-09,VCL,1.49263682969726e-20,CALD1,3.208237551410484e-15,HLA-DRA,0.02733328437359562,ADGRD1,6.321940136523468e-06,KLK4,1.0909330377497138e-06,H3F3A,2.6688873899972312e-06
77,MARCKS,4.325820600077741e-166,SYNM,2.4338233581508e-211,PGRMC1,5.957388285296722e-232,RPL38,1.189381893160407e-08,ITIH3,1.798126701775283e-20,RPL23,7.410632434824768e-15,BCL2A1,0.030205453378779407,IGF1,6.418621672574943e-06,RPS20,1.4404826388095508e-06,UBALD2,2.834498190120319e-06
78,TINAGL1,4.4849098945432634e-163,ODC1,1.2950979837193035e-210,PCDH9,5.214331873118253e-231,CD3G,1.2961405303318415e-08,CAVIN3,1.9240495905231512e-20,RPS19,1.6866628319880418e-14,CTSL,0.0328092850005883,C1S,6.4255197395344035e-06,DMXL1,1.4762396773677753e-06,TMPO,2.8415349540392737e-06
79,CHST2,4.610507232957871e-160,LTBP1,7.160320324505163e-210,DPT,9.665379200517764e-231,CD37,1.4535032636061817e-08,INHBA,1.9739853251485956e-20,RACK1,1.7767572980317783e-14,SQSTM1,0.033348440495545764,PKDCC,6.520215464682475e-06,SPINT2,1.5727791364047574e-06,BARD1,2.9038257865749022e-06
80,MAP1B,1.1595093446784063e-159,YBX1,8.95386498260261e-210,IL32,4.60905612647187e-230,LTB,1.4953924418545103e-08,LDHA,3.942347248104026e-20,RPS28,2.2700963077625782e-14,NFIL3,0.0362300554202121,SSPN,6.7596613445049665e-06,XCL1,1.82680414348019e-06,VIM,2.9164401999952107e-06
81,FILIP1L,1.2688959419475156e-159,DOCK8,6.110620782221249e-209,SLIT2,5.415035834760294e-227,RPL41,1.627483078875158e-08,BCAM,4.0454492028162415e-20,RPS21,8.011163851508927e-14,RPL38,0.03772995074696551,GLT8D2,6.862735422383422e-06,ZNF217,1.926221528554708e-06,COMMD4,3.7337241686559435e-06
82,ASPN,9.14375345719427e-158,CHCHD10,6.799456974989508e-206,RDH10,2.208245213349038e-226,CD53,1.8177994455776935e-08,SLC38A1,4.660370356021057e-20,RPS2,1.1250334932140509e-13,LDLR,0.04030869540930073,RBMS3,7.029095264175599e-06,NPY,2.0639651350675165e-06,MASTL,3.7348686296726628e-06
83,LAMA4,1.3907986554951564e-156,CCDC3,4.843931611682627e-205,CGNL1,5.573209161711284e-221,TUBA4A,2.0735940209118917e-08,TBC1D1,6.771454524326035e-20,RPL39,1.738601737486468e-13,ZFP36L1,0.040760055875993566,LRRN4CL,7.39612555576532e-06,SORD,2.1127514757688897e-06,IKBIP,3.887736164612013e-06
84,LURAP1L,1.4964039270447398e-155,SELENOM,2.968568990021395e-199,SH3BP5,1.0301564655507192e-218,ALOX5AP,2.1708360034348986e-08,POSTN,5.311050122110248e-19,UQCRB,7.837853860670577e-13,SRGN,0.04664458654460458,RASSF2,8.789072041666005e-06,TPD52,2.773734890279684e-06,DHFR,4.112611931583312e-06
85,GAS6,6.233910628510805e-154,TIMP3,4.010651734922818e-198,ANXA1,4.144260152608108e-218,RAC2,2.9595390500302442e-08,SH3BGR,8.228870791543869e-19,S100A6,3.262313214004461e-12,CCL3,0.046865396304628465,SELENOP,9.011710564462862e-06,EZR,2.9080349237998232e-06,DDX39A,4.608716455862688e-06
86,MYL12A,8.46351161543544e-153,TSC22D1,1.963450290029579e-194,CTSH,9.070348617154786e-218,CD7,4.269851901473879e-08,LRRFIP1,1.0271492129510786e-18,FAU,4.049365463770785e-12,LYZ,0.04739847452090578,FOXD1,9.609224176899013e-06,RPL12,3.1255134345225285e-06,PPIA,4.713447682310346e-06
87,ANO1,9.885825028550862e-152,WTIP,3.7122841890570454e-193,F3,3.836672237522014e-217,KLF6,4.352604309918978e-08,PPP1R12A,1.0977402360947582e-18,RPS7,9.20368560641592e-12,RPL37,0.04859619473793729,C1R,1.0403286367679022e-05,RPL36A,4.089113610085056e-06,UBE2S,4.719173291962173e-06
88,ANGPT2,1.0151259972709173e-146,PLCE1,1.091080011672344e-192,MEIS2,1.2081622077283193e-212,NKG7,5.274756992303745e-08,TPM4,1.1053990240480266e-18,IFITM3,2.241619992775778e-11,ACPP,0.04882941532078081,FMO2,1.069425268257054e-05,RPS12,5.488622457008119e-06,ANP32B,4.8763071988709695e-06
89,FXYD6,5.952404803626239e-145,NTRK2,1.991113852340426e-192,FBLN5,1.555668394323542e-211,EVI2B,7.704818305437273e-08,MFGE8,1.122933182824865e-18,RPL4,7.261634951928983e-11,LRRFIP1,0.05172416792971357,EMP1,1.218493185313009e-05,CREB3L4,5.524065680056118e-06,NUDT1,5.056775814363114e-06
90,RERG,3.282611207965897e-142,COX5B,2.6101652484424053e-190,PAM,7.369650696534879e-211,LAPTM5,8.343740225640034e-08,LIMCH1,5.0381826321030285e-18,TPM2,1.199923460667394e-10,RELT,0.05635693637730515,VIM,1.2598556489244383e-05,POTEE,5.528402983919178e-06,NUCB2,6.1398717492992984e-06
91,SLC38A2,5.167425770821935e-142,ITGA7,7.5361111949905e-189,IGFBP2,3.228730704722388e-210,MT-ATP6,1.219458593889719e-07,EMP2,5.650669395177232e-18,YBX1,1.4778744886617894e-10,ZNF503,0.056755914664769494,ECM1,1.4883391181011926e-05,CCL5,6.681701511159747e-06,LMNB2,6.18053796018349e-06
92,IFITM1,9.717719983537893e-139,NIBAN1,1.702384395511596e-188,FGFR1,1.4233166485541775e-209,CRYBG1,1.6941357168324257e-07,MYL9,5.7738418115278096e-18,RPLP0,4.772278809548223e-10,TFF3,0.06467579220571608,BMP7,1.6112885099446793e-05,RPL26,6.729719695788596e-06,CCDC34,6.4841418320067886e-06
93,GPM6B,5.141007195693282e-138,CRYAB,5.948488347214817e-188,RHOBTB3,1.6944127992433951e-209,DOK2,1.9128269564164158e-07,NEXN,1.1051026199388985e-17,EEF1D,6.272580783270673e-10,MT1G,0.06482653867490222,SRRM2,1.6684862890919858e-05,STEAP1,6.884321496591219e-06,C4orf46,6.7857442146099905e-06
94,CYTOR,9.068577758931521e-136,FKBP5,1.11087671054961e-187,COL6A2,1.630949314630536e-207,GZMK,1.957490526408266e-07,CD46,1.4436566459805267e-17,NME2,9.826784575877183e-10,TNFAIP3,0.06548611037406898,OMD,1.7702571370537784e-05,RPS18,7.716834551933521e-06,YBX1,7.554517295978126e-06
95,GJA4,1.3888998260388696e-135,MYOCD,2.3406081347101216e-187,SPOCK1,1.5535610972464797e-206,RPLP2,2.2453282236626761e-07,TPM2,2.26993178204075e-17,RPL31,7.29377003272569e-09,MAFF,0.06625958115999439,TENM2,1.9761228707975196e-05,PART1,8.199946022811077e-06,SNRPD1,8.086150749173564e-06
96,NCK2,1.9160087576316056e-135,PDLIM3,1.3450137335739372e-186,CLMP,6.31118737233761e-206,RPL34,2.9223931808168107e-07,DST,2.4709278476410625e-17,CCNI,7.780915069324111e-08,PTGS2,0.07001021352014186,SESN3,1.998938851127759e-05,RLN1,8.663751203333497e-06,COQ2,8.451068160032627e-06
97,ADAMTS5,4.255827817160232e-133,WFDC1,1.1106286642649176e-185,PSAP,1.8403005838234202e-202,TES,3.1323811497382833e-07,NPNT,3.803597195079855e-17,TOMM7,1.905446313281593e-07,ADAMTS1,0.0724233821034258,ETV1,2.5932178481000367e-05,CXCR4,9.063038244374943e-06,HIST1H4C,8.64321040224847e-06
98,EBF1,1.397143653936931e-131,NRARP,1.62526556559396e-185,MMP23B,1.0793896117795887e-200,RPS18,3.7884462922633057e-07,SOCS3,4.869112655744566e-17,SNHG29,5.547312420299149e-07,MT-ND5,0.07546559489252828,MRAS,2.7809511061808572e-05,ZG16B,9.184944114785493e-06,RUVBL2,8.834303046543382e-06
99,IGFBP2,3.905608564951695e-130,ZNF331,4.589353339826973e-185,NR2F1,4.176792783944352e-199,RGCC,4.968486060368435e-07,CALM1,6.64695343130855e-17,ECRG4,9.686932552402187e-07,MROH8,0.07842784625384822,MTUS1,2.8483726880168802e-05,RPL35,9.859003982353498e-06,LMO7,9.096275547470758e-06
100,HLA-C,2.05320949573512e-128,RPS27,2.28831829793491e-184,IGFBP5,2.479263890552967e-196,AZGP1,7.309306793996749e-07,AMIGO2,8.439728039991985e-17,RPSA,2.490110263938509e-06,HNRNPK,0.08266467833475308,FCGRT,2.9345606950247428e-05,RPL28,1.0578545804562434e-05,SAE1,9.349119922412561e-06
101,LGI4,3.958676841517182e-123,USP2,5.063045800053918e-179,CTSB,2.338310597193572e-193,KRT19,8.202832182724043e-07,CD9,2.026706426671066e-16,MYL9,3.0203918839884576e-06,REL,0.0832293163853514,PDXK,3.22668447161256e-05,SEC11C,1.1947738071385516e-05,GAPDH,9.588897348878559e-06
102,ARHGAP15,1.0165750399377206e-120,MT-CO3,1.745381077448154e-178,MXRA5,5.775681650303672e-193,CST7,8.727864915894539e-07,PLP2,3.934932115766056e-16,S100A4,7.611684168894537e-06,NFKB1,0.0887965052900005,RARRES1,3.3615321529004616e-05,BNIP3,1.2543353199001825e-05,NUDT8,1.0256358879097965e-05
103,DLX5,4.699923347841516e-119,MT1A,3.2642227454798744e-177,LY6E,7.83548777173022e-193,EVI2A,1.1318509998999777e-06,ID4,4.168052160864406e-16,TCEAL4,1.0026159973237624e-05,BRD2,0.09228863105480403,DKK3,3.396809595818846e-05,CLDN3,1.2842941074899463e-05,ITGB3BP,1.0878568756177343e-05
104,C1S,2.444052461737234e-118,CAV1,4.118341633795969e-177,TSHZ2,3.037199129769778e-191,CD96,1.276523795873737e-06,CD151,4.175866590587449e-16,TMSB10,1.012808842017688e-05,APOC1,0.09330297905550732,SERPING1,4.001976962950091e-05,RPL38,1.4350858066618759e-05,DLGAP5,1.2006910878800385e-05
105,PDLIM1,7.880154858620063e-118,SGCA,7.528080608518671e-175,TIMP2,2.810625222348842e-190,GMFG,1.3309288711052837e-06,PPP1R12B,1.815985366939068e-15,PTMA,1.9981102343790412e-05,CXCL2,0.09534230626487769,ITGA6,4.0192722401848875e-05,MBOAT2,1.6751971154042945e-05,IQGAP3,1.2020910135703688e-05
106,PABPC1,4.092203886637744e-115,TBX2-AS1,2.8426051074449676e-174,ISLR,3.703094069644909e-190,JUN,1.5259128741536556e-06,CAV1,1.986324901894549e-15,HNRNPA1,2.2334776421658628e-05,GPR183,0.09719903180196415,OGFRL1,4.107828752596356e-05,MT-CO2,1.9179818279547003e-05,APOBEC3B,1.2027915604463904e-05
107,ARHGAP6,1.3616561783563416e-114,CKB,5.939114656390754e-173,PLPP3,4.618225627465866e-190,RPS15A,1.733122009923312e-06,AIG1,3.510704885856178e-15,TPM4,2.2951340443513205e-05,FAM107B,0.09785877524989263,GPC3,4.199266839831688e-05,HSPA1A,2.3377992191039903e-05,TROAP,1.2063001433494754e-05
108,TENT5A,8.447435104736439e-114,HSPB8,1.8303551588117379e-171,TSPAN4,6.546783598484499e-190,GADD45B,1.76190750957069e-06,LDLR,3.958597464474065e-15,EEF1G,2.5761194472121294e-05,MT-ND6,0.10195676401943889,ZFP36L2,4.593116315304162e-05,MT-ND1,2.3630167389492613e-05,AURKB,1.2070030310737977e-05
109,KITLG,6.311109291804099e-112,C1QTNF1,4.577173363887309e-171,C1S,1.91235151852715e-189,CORO1A,1.9439298018302716e-06,SVIL,4.076363003822969e-15,NPM1,4.307356095497764e-05,MIDN,0.1033181799120566,MYOC,5.0432775820905424e-05,ADI1,3.0101047700616388e-05,TTK,1.2325689101863411e-05
110,APOE,8.84488760407396e-112,MT1M,1.9583191801451624e-170,CYP1B1,4.089886653678975e-189,FYB1,2.151530541316278e-06,MSRB3,4.324197819658164e-15,RPS10,6.175827569428968e-05,KLK2,0.10538516412348822,PMP22,5.242181468301102e-05,EHF,3.280645813765961e-05,CKAP2L,1.23328639777082e-05
111,SYNPO2,6.38456775712535e-110,COX7A2,2.0130501489855932e-170,ALDH1A2,5.953167450710527e-187,CXCL8,2.259412843281277e-06,NET1,4.836840369134111e-15,HMGB1,7.304932666281142e-05,EMP1,0.10966273789262773,LY6E,6.272012672984217e-05,CD69,3.4278886538523195e-05,CEP55,1.23328639777082e-05
112,PAWR,1.1281093593389112e-109,RBM24,1.2908248661036782e-169,BHLHE41,1.639532207404038e-186,CACYBP,3.09613990124205e-06,SYNM,5.157056208048177e-15,ATP5F1E,0.00010152492956403687,PTPN1,0.10990283567534585,ITM2B,6.383927017686848e-05,EFNA1,3.501319392140964e-05,MGME1,1.2340042839067809e-05
113,REM1,1.4260760709805272e-109,PDLIM5,2.304498776841773e-168,PLD3,5.426446687059453e-184,BIRC3,3.573987368390816e-06,SMTN,5.652106642199068e-15,COX7C,0.0001350918474772687,B2M,0.11881180725798444,TSHZ2,6.834373121549551e-05,MT1A,3.858102496120929e-05,PIMREG,1.2340042839067809e-05
114,COL5A2,2.386048994354932e-109,COBLL1,5.118146037316113e-168,PPIB,6.950679077443657e-184,TAGAP,6.980705845551229e-06,TLN1,5.830295290937724e-15,RPS4Y1,0.0001499148088924626,NFATC2,0.12188939151562651,RHOBTB3,7.62107679904149e-05,ATP5F1E,4.0373235294969985e-05,CIT,1.2347225688040143e-05
115,TMSB10,2.549341718118103e-105,ROCK1,1.2634115917764593e-167,HTRA1,8.7896027138453e-184,MT-CO3,1.0394427050581608e-05,MSN,7.580735024288287e-15,MT-ND2,0.0001598225696635518,HIF1A,0.12401371581813288,PPFIBP1,7.798194646395765e-05,SMS,4.260753845370161e-05,SGO1,1.2498990381556367e-05
116,ESAM,2.8563502794117694e-100,MT-CO2,1.473890282768832e-166,SEC62,1.988752599239561e-183,MT-ND2,1.209114363051005e-05,THBS1,7.774034938414086e-15,BTF3,0.0001606745917665551,RPL13A,0.1280011020791184,TRIM22,7.843777937534523e-05,TM9SF3,4.7486678982549044e-05,HIST1H3B,1.2528099044344396e-05
117,TM4SF1,1.6249874409833076e-99,MTHFD2,7.443006840856849e-165,RARRES1,2.0341608719397477e-183,GPR65,1.3715903497775029e-05,ETS2,1.0904510451416179e-14,RPS17,0.00019786612188217313,IL7R,0.1321450747967578,AMD1,8.578769017383074e-05,TIFA,5.757838728269373e-05,DNAJC9,1.2535386311043416e-05
118,PMP22,1.3041245744016328e-98,PCSK1N,8.154411635639375e-165,ECM1,5.6458383125629996e-182,TSPAN1,1.4193288661496608e-05,TNS1,1.146815657739985e-14,MYL6,0.0003881142998450231,AC025259.3,0.1325121020193762,BHMT2,0.00010661863662109606,NEAT1,5.8057419842424935e-05,HMMR,1.2542677622393845e-05
119,HLA-A,1.8889741929656307e-98,TBX2,1.1145834815248997e-164,ECHDC2,9.360808702784635e-182,HLA-DRA,1.5255583243592547e-05,PALLD,1.2939857871136343e-14,PPIA,0.0006348182374233887,LTF,0.14014012112609964,F3,0.00010822556559158541,TACSTD2,6.003679496716811e-05,SKA1,1.2571883356869842e-05
120,CD44,6.100031262189103e-98,RPS6,2.1628371429117186e-162,CNTN1,4.0652377491317377e-181,BCL11B,1.7132996216542217e-05,MT-ND3,1.4341500618755982e-14,TAGLN,0.0011225451147896157,THBD,0.1523790419015534,LSP1,0.00010921596442886117,RPS15,7.214139395201115e-05,MRPL51,1.2715193012730814e-05
121,STOM,1.8535448229818795e-97,PDE3A,3.8396073969550325e-161,GPM6B,5.041949921779766e-181,KLRB1,1.731589529565198e-05,PDE3A,1.466375435321067e-14,IGFBP5,0.0022776168587851347,LITAF,0.15385108271498782,SLC66A1L,0.00011608089726253829,DPP4,8.296317563970058e-05,CDT1,1.2733678380361813e-05
122,PRKG1,1.4901986844994863e-96,RHOB,9.326700066148201e-161,AR,1.1123527707705115e-180,ARL4C,1.731926238210647e-05,MEDAG,1.5355684899186717e-14,HSPB6,0.002372677821245342,CTSS,0.1562014051603881,CAVIN1,0.00011810995031304327,SKP1,0.00010648510296703886,KIF15,1.2807876591530344e-05
123,LAMC3,1.8718375299805443e-96,GNAS,5.340926963556835e-160,CPQ,2.3849272061434853e-180,ATF3,2.1261053499870328e-05,COL12A1,1.8369456243672335e-14,MGP,0.0025454696140187697,CCR7,0.16009000134761597,C1orf21,0.00011845365488973244,MICOS10,0.00012041003307101678,CDCA3,1.2972567386131878e-05
124,FERMT2,3.2435849268361077e-96,FAU,1.7554579571058635e-158,ATP6V0E1,2.580927093465429e-180,CLEC2B,2.225775099954179e-05,WDR1,1.988253238891543e-14,GAPDH,0.003210298815507687,ELK3,0.1654896425653265,BZW1,0.00012090016019956368,DNAJA1,0.00012075154258191533,CCNB2,1.3086012876956916e-05
125,ARPC5,1.9864601949186358e-95,PDE4DIP,2.0020979771511047e-158,C1orf21,4.284925936798662e-180,GPR183,2.361436842969743e-05,EOGT,2.4243695679797654e-14,GAS5,0.003482199358101608,FOXC2,0.17532384998503647,STXBP6,0.00016392950880841022,RPL14,0.0001219951301863611,KIF4A,1.326949668494301e-05
126,BST2,6.494749019929972e-94,LDB3,2.4294230095877407e-158,CFH,1.4126553242424146e-179,FABP5,3.015431430518991e-05,S100A6,2.6097685740979318e-14,PPDPF,0.004999277419694126,TP53BP2,0.17687472380141078,TXNIP,0.00016550708915188066,GALNT7,0.00013656862222031008,KIF2C,1.3510131202787732e-05
127,ANKRD10,7.099480025047932e-93,RPL27A,2.4416278420686663e-158,RRBP1,1.3355165924237292e-178,TM4SF1,3.3041772986467136e-05,SULF1,2.868164042893314e-14,MTRNR2L12,0.005707912028046076,KLRB1,0.1790551704796195,AKR1C1,0.00017418467906061386,TRIB1,0.00016719517683845496,CENPM,1.3604392960271597e-05
128,ASAP1,7.732132607150583e-93,PIP5K1B,2.1741466832658294e-157,LGALS3BP,2.3101238866290835e-177,HLA-DPA1,4.982565319792336e-05,MACF1,2.931880336388372e-14,NAP1L1,0.005842297046569794,DDX3X,0.1842834110131748,SLCO1C1,0.00018420465900187685,EPCAM,0.00016810458966013973,SPC24,1.3762891497913705e-05
129,C1R,8.082700080746206e-93,ZBTB16,1.421456398652678e-154,ITM2B,8.562618288153809e-177,NFKBIA,5.059988313434877e-05,TGM2,3.087646841033956e-14,TPM1,0.008098004866817408,HLA-DQB1,0.18692590692719613,ZBTB20,0.00018520865958443356,ADRB1,0.00018509639218244813,UBE2T,1.4093337229657977e-05
130,SH3RF1,1.8948154534538844e-91,ISYNA1,1.5157543172832817e-154,TMEM98,1.1974710143829938e-175,TSC22D3,5.330039856451396e-05,LEPR,6.550026864360652e-14,CCL19,0.012654357866972624,MT-CO1,0.18898442954417505,OAF,0.00019056460130233166,CD2,0.00019002605279621286,GTSE1,1.4125977912544971e-05
131,FAM162B,3.5175418982789006e-91,ENAH,4.284168725071991e-154,CDC42EP3,4.0326846809068396e-175,RUNX3,5.466919873539332e-05,SLC7A2,7.25296394028899e-14,CAVIN1,0.014174138647216568,PLA2G2A,0.19002338416680697,MARCKSL1,0.0001987152303965784,MT-ND6,0.00019840469671715826,EVA1B,1.4224333114200398e-05
132,LAPTM4A,9.534923270798398e-91,KLF2,6.467517363985594e-154,RGS2,1.0847342137449195e-172,ZFAND2A,5.469932190806025e-05,COL18A1,9.85659655763687e-14,RPL36AL,0.01689412525294406,MT1F,0.19276106691406503,PHGDH,0.0002190084738502143,TRPM4,0.0002003627066177973,TACC3,1.4290265720763786e-05
133,ARHGAP29,2.104710768735376e-90,ATF3,6.183133117181155e-153,PDIA3,3.307899478888e-172,HSPB1,5.8144644231054636e-05,ZFP36L1,1.0495664196391143e-13,SELENOW,0.01873371205385797,CYTH1,0.19283771884918743,CDO1,0.00022401996170175897,SERF2,0.00023100831114090308,MXD3,1.4666601263595783e-05
134,SELENOP,1.7165633782402696e-89,TUBA1C,4.323095203217251e-152,MFAP4,1.0126652517600035e-171,IKZF1,7.255369276061799e-05,LMNA,1.1083604056313148e-13,EIF3E,0.027015719273576367,H3F3B,0.19455077572218127,YWHAE,0.00022980574304519265,SPDEF,0.0002825591694576638,MZT1,1.4987415301776642e-05
135,PPIB,1.1396492764172691e-88,GPR20,1.844031409116173e-151,FBN1,6.8661471181448e-171,HLA-B,7.81578611109705e-05,CCDC3,1.118362628763871e-13,PALLD,0.03147965225388507,LSP1,0.19560508190500148,ANGPTL7,0.000252298319292698,RPL13A,0.00037981044655761994,CENPK,1.5262059267706334e-05
136,SSTR2,2.0454401170277355e-88,ENTPD1,1.9025418736519063e-151,LRPAP1,1.162767183038055e-169,FTH1,7.847949280879245e-05,COL14A1,1.6845739067732367e-13,MT-ND4,0.036597802606235366,PNP,0.19754174969868277,NFE2L2,0.00025449374794674035,ZNF331,0.0004573776133258597,SPAG5,1.591709894392281e-05
137,CD63,6.910134225095447e-88,MAP3K7CL,1.0813325743347858e-150,ZBTB20,1.0058981862625754e-168,RLN1,0.000109167735097364,TTLL7,1.7108634122096186e-13,VIM,0.038189457719150964,CBARP,0.19944954717587526,MIA,0.00025971508404156265,MTRNR2L12,0.0005044950090691886,NSD2,1.6442389990718524e-05
138,SASH1,9.170102296752881e-88,FOXC2,2.6448567420401506e-150,CLEC11A,3.881659418240245e-167,STK17A,0.00011201671583524673,IQGAP1,1.7813193121765738e-13,SYNPO2,0.03891637340288189,RPL36,0.20308821748672123,ENTPD2,0.00031195355042136085,MT-CYB,0.000594071563764315,SPARC,1.700366469367626e-05
139,RAPGEF5,3.862852737702867e-87,MKNK2,3.442727461041341e-150,BDH2,1.654053582270804e-166,SPOCK2,0.00013973147389656837,CCN3,2.0539198120541328e-13,DSTN,0.039099548795415356,ELF3,0.20442328472499294,PLOD1,0.0003170191198438369,POTEM,0.0006847516968940653,ARHGDIB,1.7293579949251222e-05
140,SLC9A3R2,1.2009632979662053e-86,COX7A1,1.2562259992298264e-149,RCN1,1.7628963364401395e-166,CTSW,0.0001502349949542373,ADRA2A,3.453120171135509e-13,THY1,0.039517050696641035,EREG,0.20712723425131507,INTS6,0.0003351236643875388,COX7C,0.0007057263766538553,RACGAP1,1.788248713945674e-05
141,TSPAN5,1.0666249030070346e-85,COX8A,3.0235865609887335e-149,CD302,3.368444183391626e-165,EDN1,0.00015613683595149672,NDUFA4,3.569461876819271e-13,S100A11,0.042623459657950336,NABP1,0.2076049204718673,LINC01088,0.00037007614497024165,NEDD4L,0.0007078563580578678,LSM4,1.8212658827018227e-05
142,CD99,1.6419458763723285e-85,ANAPC16,3.573733177532959e-149,WNT4,1.0330677061463152e-164,PTPN22,0.0002121477813817174,SCRG1,5.613281504222596e-13,COX4I1,0.04647544827767295,WTAP,0.2129497419346743,SLC12A2,0.000374839720722161,MT-ATP8,0.0007288732488654759,YWHAH,1.834320284378385e-05
143,PPP1R14A,2.1546921514981116e-85,CARHSP1,1.6092062929112716e-148,LGALS1,3.425433124307111e-163,SYTL3,0.0002455985369671936,FAM107B,8.604327350524301e-13,RAB13,0.059035117881306706,MT-ND4L,0.21569690833348598,TGFBI,0.0004200049005478069,HEBP2,0.0007310680537498973,MAZ,1.8411437525358385e-05
144,FAM153CP,6.015358179958498e-85,HSDL2,3.757542183741586e-146,CDH11,5.3217919155798934e-161,GZMH,0.00027542155370021126,CPE,1.1529044821114089e-12,PTGDS,0.059450156621028115,MT-CO3,0.22664285843184173,FAM184A,0.0004422146961958536,GADD45B,0.0007413325097159337,MYBL1,1.887973208816646e-05
145,SNX31,6.64784929064326e-85,TNS1,2.2529215528850055e-145,MIR100HG,6.0049701157579184e-161,IKZF3,0.0002930957887349462,DPYSL3,1.158243781725813e-12,SNHG6,0.060615517833462404,GPR4,0.2306318250242807,JAM2,0.0004545035189768425,RPL23,0.0007700694791120857,NCAPH2,1.9816709525787886e-05
146,CA4,1.2848507252548378e-84,MAPRE2,1.3305178337663625e-144,SPARCL1,1.4755306199783933e-160,KRT15,0.000379238450753009,FN1,1.2058916384695566e-12,ANP32B,0.06412687679666997,SLC6A14,0.231481694923092,TLE2,0.000492417454941875,TSTD1,0.0007710849843734373,FANCI,2.038838567385661e-05
147,SPECC1,2.8456005555146127e-84,MEF2C,5.0652794356329385e-144,COL15A1,2.371091783696238e-160,CD8A,0.00040116068065785605,SGCA,1.9760525327767576e-12,CD63,0.06758601912622125,IFI30,0.23414886045117844,TMEM100,0.000503107493710735,WEE1,0.0007893891671714266,ORC6,2.070358548236849e-05
148,ACVRL1,5.836029342144372e-84,ACTN1,5.904727666187408e-143,CPED1,2.0818491903069784e-157,HLA-A,0.00041340213622673757,CCNL1,2.0560324640838185e-12,NOP53,0.07123978517215686,ZFHX3,0.23655494100326446,SOX8,0.0005036957914721739,FAM3B,0.0007906173695613105,NCAPD3,2.0981697376486922e-05
149,MAP1LC3A,1.704341492730396e-81,MIR22HG,2.285580447234472e-142,AEBP1,3.0661957922586595e-156,MT-ND4L,0.0004628167240388875,MIDN,2.2385818696679556e-12,EEF2,0.08748853052085705,CCL4,0.2370479529823264,RNASE4,0.0005396197285185738,IL7R,0.0007952627070429571,COL3A1,2.2023862446049102e-05
150,CLMN,2.5456168261733187e-80,RPS28,7.859526262178157e-142,C1R,2.827134879705839e-155,TMPRSS2,0.0005301742802166887,YBX3,2.5025816261301502e-12,C12orf57,0.09199127172747791,IL1RN,0.2514766401758338,PERP,0.0005451809989479971,CRIP1,0.000868465134084273,SLC25A5,2.2477250037629905e-05
151,NDRG2,3.491044032266027e-80,MT2A,7.02875732469067e-141,COL6A3,5.207383423125591e-155,GIMAP4,0.0005480791779892988,ANGPT1,2.6493716828926858e-12,C4orf3,0.11318821540034467,PTPRC,0.25155252496779335,FGF7,0.0005747040664542822,PLCG2,0.0008726002999188601,COL4A2,2.3918284512282356e-05
152,SEMA5A,1.2629335071238867e-79,AKAP1,1.4695894003364654e-140,COL13A1,1.0342682822709792e-154,BATF,0.0005621674698771057,MYOCD,3.088168836984224e-12,COMMD6,0.11374165456982681,IL6R,0.25198284049426267,P2RY14,0.0005756729396916132,VMP1,0.0008762335373872891,FEN1,2.4189562154203103e-05
153,TTYH1,3.268596792848864e-79,ADRA2A,3.46547959414415e-139,BOC,8.002380570313083e-154,NEDD4L,0.0008400521980004079,PRELP,3.2482859439653937e-12,MT-CO1,0.1490177068426361,CYBB,0.25283654809353695,N4BP2L2,0.0006404056888102662,XBP1,0.0008878490703740763,TMEM106C,2.4929692209647764e-05
154,COL5A3,4.285029468173031e-79,DBNDD2,6.384420722502366e-138,DNAJC1,6.748585829219694e-153,PCED1B-AS1,0.0008903754791596868,PRUNE2,3.8145257218046734e-12,EIF4B,0.15608794598679435,GATAD2A,0.2572894581735127,COL21A1,0.0006758157640210346,RSRP1,0.0009488812610465395,COL4A1,2.5648044409857572e-05
155,RRAD,5.080399889211944e-78,NTRK3,1.369343136086249e-137,SPRY1,2.4260553044603223e-151,CASP8,0.0008910913929672473,SLIT3,4.8800333808289876e-12,CCL21,0.16146465525680742,AC015912.3,0.2622302193378342,GASK1B,0.0006759564864548357,SLC45A3,0.0010953605317223821,LRR1,2.68716490731152e-05
156,PDE8B,1.9583606762225584e-77,CSRP2,1.447384404219639e-137,FGF7,8.152655080023967e-151,FXYD3,0.0008963392899723114,MYL6,4.9447605963369974e-12,B2M,0.16520226839757257,SNHG25,0.26290781805004193,S100A10,0.0006810406734255049,ERGIC1,0.0011860002337395017,MCM7,2.735806517957369e-05
157,ENPEP,2.4256789474850246e-77,CAMTA1,8.196536017174062e-137,SELENOP,6.363114090711868e-150,MT1G,0.000912565069142392,DACT3,5.731223618768758e-12,ADIRF,0.16721065022999915,FCGR2A,0.26631393688640026,HNRNPA2B1,0.0006830984951947181,NANS,0.0012441205517201776,CIP2A,2.800920156324271e-05
158,RGS16,7.347531196268921e-77,DUSP8,1.7043421208385738e-136,ADRA2C,4.154319124853729e-149,CLDN3,0.0009245775995284757,ARID5B,6.3338501624265835e-12,SEMG1,0.21913283276359474,MAP2K3,0.2738334548829746,MFAP5,0.0007090561331248627,SERTAD1,0.0012577112028573148,KNSTRN,2.8103415163585295e-05
159,RFTN1,1.0850929763803983e-76,DGKG,3.275956257709758e-134,SSR4,4.431035411398397e-149,ACAP1,0.000977583622236441,MYC,6.528724711716538e-12,MT-ATP6,0.22481435662878768,NCL,0.2902986143147491,CLU,0.0007727778023054169,KRT8,0.0012993099154248902,AURKA,2.837199258356329e-05
160,INPP4B,2.1504088731069553e-76,NDUFB7,4.553870528127839e-134,PAMR1,7.995490701028965e-149,RHOH,0.00098726217955647,WTIP,6.689350558890311e-12,MT-CO3,0.24052436476866057,AC108134.2,0.2913511052883414,CAPN6,0.0007764514566658022,TMEM238,0.0013403249313609026,ATAD5,2.9602812923713542e-05
161,CLIC1,2.7209427604497288e-76,COX7B,2.2619199368994338e-133,BICC1,1.2628324945770532e-148,IQGAP2,0.0011228910433933221,CAV2,8.027265984353663e-12,MT-CYB,0.27902114985993165,C3,0.3003389266161357,PNISR,0.0008003987974372644,KLF5,0.001524058173521852,TMSB10,3.342111444712857e-05
162,FHL2,1.300622680940479e-75,LMNA,3.3292352829953006e-133,GYPC,2.9789538001531016e-147,PERP,0.001125828913127502,NAMPT,8.066105507082236e-12,MT-ND5,0.31494160257627724,BDNF,0.30299243008241694,RNF24,0.0008366206794590582,FOXP1,0.0016492947883445907,BRCA2,3.342111444712857e-05
163,GNAI1,3.940646007441593e-75,TINAGL1,5.5070639270392004e-133,TNC,4.6336927710570514e-147,MT-ND5,0.0011377552037581868,ACTN4,1.1059917141590232e-11,SEMG2,0.32835986213345225,WSB1,0.30367261460040385,EMILIN3,0.0008726618053960293,ALCAM,0.0016712544841961912,EMP3,3.404781497415535e-05
164,AHR,2.5040618824642817e-74,CREM,1.9643811794295632e-132,SFRP4,3.0511596452416903e-146,EMB,0.0011473941296043975,BCL6,1.2185791564137057e-11,SEPTIN7,0.3875678833159978,CRISPLD2,0.3075235865323388,BICC1,0.0008837877544177969,PDIA3,0.0017078745638883209,CKLF,3.441773359878922e-05
165,SPTBN1,8.54791103153684e-74,KLF9,1.6083436496252607e-131,FBLN2,1.0896579342597319e-145,P2RY10,0.0012056275495517764,ACAN,1.4383569087813932e-11,CCND1,0.3875678833159978,AC092069.1,0.3102481431254347,SH3D19,0.0009613219058922477,OR51C1P,0.001832046903700098,CEP152,3.443680630760834e-05
166,TJP1,8.557773463975677e-74,ARPC1B,1.9073221843436255e-131,GLT8D2,8.304924853162682e-145,AGR2,0.001238014280811187,CD44,1.7752931986514332e-11,SEC62,0.39217250733168685,KLF9,0.31551872054889474,KANK4,0.0009891032563641238,RPS24,0.0018593549105591493,NCAPG2,3.549158483972363e-05
167,CDKN1B,1.3185824669502539e-73,MRPL33,1.9241423065653497e-131,NUCB2,2.419444358775568e-142,PTPN7,0.0013219329614605156,P2RX1,2.2344024061128654e-11,SFRP2,0.4196619631513938,SEMA3E,0.31716358397170596,EGR3,0.0009915101721647784,LINC01297,0.0019418035123461587,HIST1H4H,3.615508328926941e-05
168,MAML2,1.5945670324715014e-73,HIST1H4C,2.2853530737051533e-131,MOXD1,4.7004432728896036e-141,SPINT2,0.0014683643787664871,RND3,2.5308244820116124e-11,GUCY1A2,0.439924221410116,RPL39,0.31823031683194414,GNG11,0.0009965420067661716,LMO7,0.002098162093334414,ARL6IP1,3.623508951452624e-05
169,SLC7A2,2.610402295275884e-73,MGST2,2.8019211380087974e-131,PCOLCE,3.2422726822917503e-139,GIMAP7,0.0015090851957710182,IGFBP5,2.566676018105353e-11,CFD,0.44996527388067253,RFX2,0.3196562791296935,AKR1C3,0.0010337880509935487,TRPM8,0.002130031881697607,ARHGAP26,3.6325297446411647e-05
170,PTMS,3.0344246407098505e-73,CDH6,3.7507533061562507e-131,HTRA3,6.939041871298966e-139,OCIAD2,0.001537430676982873,SBDS,3.090699815171525e-11,UQCRH,0.4719456065411064,ADGRG1,0.3206887363068871,DOCK9,0.0010383892332727995,GNMT,0.002130503849343244,SAC3D1,3.6718668267473506e-05
171,LINC00989,1.5693950690381424e-72,EEF1A1,8.426144818369726e-131,DAB2,9.839320952226344e-139,VAMP8,0.001564874854193897,NTN4,4.682755649914906e-11,CRLF1,0.5063957109869639,IL24,0.32090741965808844,USP54,0.0010888440169075247,FOXA1,0.0023867128188680576,CLEC11A,3.718784275796756e-05
172,PSME1,5.067760397326132e-71,PDK4,8.79631602935937e-131,LRRN4CL,1.2248157808976773e-138,LINC01871,0.0015838893916970448,SORT1,5.3001682726118515e-11,IFITM2,0.5126180244098774,TOP1,0.3210068533827891,SPATA6,0.001183074038216913,HNRNPH1,0.002512745895765143,PTMS,3.964213808684268e-05
173,SERPING1,2.74833395991465e-70,RPL37A,2.967077286125983e-129,OTULINL,3.2952170710774353e-138,RPS6,0.0016224622826066693,KLF2,6.412871871775997e-11,CCL13,0.5210244090229896,C15orf48,0.3263659485267697,MYL12B,0.001198056788068566,ANXA3,0.0026373698409034685,THY1,4.320957912701186e-05
174,RARRES2,6.251988543528703e-70,LGI4,3.114179186425519e-129,SQSTM1,4.900839062077805e-137,RPL11,0.0016616531632840398,STK38L,6.637005593776997e-11,SLC25A3,0.5282889494628162,OLR1,0.32765428338902247,CRABP2,0.0013260874203935471,DSP,0.00273184973854855,MZT2B,4.330433088462186e-05
175,CCL2,1.1322490849054814e-69,RPL3,2.1380572776670752e-128,EID1,1.0228725545737517e-136,CD247,0.001689239976398137,IER3,6.984115836496541e-11,CA3,0.5429712133713921,PLEK,0.3354125675488596,AC009041.2,0.0013656344130681135,SEL1L,0.0027443209669542525,TMSB4X,4.499473381743447e-05
176,FGD4,1.5515745376943134e-69,GJA4,6.896771188365626e-128,ENG,1.0581607303787179e-136,GPR171,0.0017345417078264915,ACTB,8.684480628961313e-11,MAP4,0.5536334847567821,SRSF5,0.3474791843569195,NGFR,0.0014239793603581608,CALM2,0.0028859129362511604,ODF2,4.669662521379145e-05
177,B3GNT2,2.5187428467194385e-69,PNRC1,8.835153181826768e-128,PREX2,2.8700209502244492e-136,ITGB2,0.0017353570849660217,CDH13,9.870130311353293e-11,ATP5MG,0.5921252630863235,CORO1A,0.35070161164814095,SCARA5,0.001428615400760397,SLC2A12,0.0028949605351011975,CYTOR,4.775207568945284e-05
178,TIMP3,3.0666905001177673e-69,KLHL23,3.7108999458410865e-127,LTBP3,9.947893346785641e-136,RPL14,0.0017656195915323602,FOXP1,1.0761333719488296e-10,HNRNPA3,0.5998752953439043,KLHL21,0.35771453667219844,FGFBP2,0.0015568857428373383,HSP90B1,0.002937103836120102,ANKRD36C,4.7882325664927425e-05
179,JAK1,6.800353632621754e-69,ATP5MC2,8.218556606254611e-127,CTSF,1.0842807665694822e-135,RPL32,0.0017823681703978012,PTGIR,1.1580735449000892e-10,C12orf75,0.6099400613615842,RELB,0.3655169809943807,IGFBP6,0.0015969496555406813,FAM177A1,0.00297211669375783,PAFAH1B3,4.822255380269458e-05
180,CENPP,9.861360584039438e-69,CRIM1,1.2696982973103415e-126,RPRM,1.511829016640617e-135,TRGC1,0.0017996842863389772,KLF4,1.4709210810198543e-10,ACTG2,0.6143998262796295,PIM2,0.3657331195708756,MPZL1,0.0016641634477053916,ANXA1,0.00298333675425695,ACOT7,4.949874070201629e-05
181,ISYNA1,9.914769573420229e-69,HCFC1R1,1.9792157475240867e-126,RAB34,2.7175916012967607e-135,GBP5,0.001908982258647328,TM4SF1,2.7189473444077067e-10,ITGBL1,0.6165339122090543,AC020916.1,0.36613318617855606,APP,0.0016907513601264218,SARAF,0.0031230329534209776,BUB3,5.0531692413570275e-05
182,NPR3,1.2181547734579327e-68,COX6A1,3.566974346422978e-126,DLL1,2.718719158131631e-135,PDE4B,0.0021894036818393236,TMEM181,3.112996574793411e-10,MMP28,0.6379481269492469,RPS28,0.3693761669196638,SLC2A1,0.0017105743993615402,UBL5,0.0032211712364285643,CEP97,5.316097048739793e-05
183,FHL5,6.843278742520089e-68,TPPP3,5.5113325591676885e-126,EFEMP2,5.874141395420231e-135,MT1M,0.0022179023947263804,FRZB,3.6986688079977255e-10,AHNAK,0.6416026353165681,MT2A,0.3706391067736111,MEG3,0.0017217350347242747,USP54,0.0035495768089525504,FAM102B,5.737235240060529e-05
184,MIR4435-2HG,2.212920261993162e-67,UQCRH,1.6224423097710059e-124,ELN,2.1082919550848947e-134,EHF,0.0023416964903809363,FRY,4.0476069451114e-10,OST4,0.6499834310112023,DNMBP,0.37087893196138677,CD63,0.0018308854106335675,MYO6,0.00368310711000188,ALYREF,5.851294665613496e-05
185,MYL12B,3.5572750485723593e-66,SLC25A6,3.478112063377508e-123,CD63,3.828505487213127e-133,MIR205HG,0.0023590008817675717,AOC3,4.246680145680899e-10,MDK,0.661566496898505,IRF8,0.37146800205647224,CALCRL,0.0018688990036193748,CDC42EP5,0.0037975202007457633,RAD21,6.056490643955599e-05
186,SOX4,8.900013677158041e-66,LMOD1,2.953129079447615e-122,OMD,5.167389915263824e-133,XCL2,0.0024495988740307517,ADAMTS1,4.488031567425665e-10,HBB,0.6780642576670011,CNNM4,0.3735452661566292,CHRDL1,0.0018864494872442563,RPL35A,0.003957724277965197,DEK,6.0924378132912773e-05
187,SGIP1,9.189195867783147e-65,GPR4,8.696101441196692e-122,NT5E,6.017411120810377e-133,GNLY,0.0024915325123154295,NBEAL1,4.6469030152661287e-10,MIF,0.7277558746763045,ADGRE2,0.3754209384115468,COLEC12,0.001962128419176029,SNHG25,0.0040509104247307345,MCM4,6.164939059321328e-05
188,CST3,9.474630335157648e-65,GADD45G,1.538765359772198e-120,MTCH1,1.6180542503604143e-132,GZMM,0.0026420629696656023,CXXC5,4.648185595862041e-10,MT-CO2,0.7309603776011825,CYCS,0.37654252561333634,CBLB,0.002003019026043932,RGCC,0.004059827639463586,ANP32E,6.869907852368487e-05
189,NCOA7,1.2168326187386437e-64,EFHD1,2.6207245166677027e-119,EFEMP1,1.0323985562906064e-130,CLEC2D,0.0027919447999356297,ANGPT2,5.328468727291488e-10,GNAS,0.7428104257545216,RPS10,0.3771040936510579,BNC2,0.0021342921390782713,AP001816.1,0.004505649452496272,TUBG1,6.954847838928681e-05
190,AGAP1,9.533243636846732e-64,RPS25,1.2177446023600168e-118,TCF4,5.75721908961787e-128,SKAP1,0.0028011800096035618,HSPG2,6.478663415152645e-10,CXCL9,0.7594833668470986,LAPTM5,0.3804621821919121,ID1,0.002186976768945455,DSTN,0.0046660838859250925,CDK5RAP2,7.125816788468485e-05
191,NCKAP5,1.8056882929751584e-63,FADS3,1.7965042437262503e-118,EMP3,1.3414946564199672e-127,RPS15,0.002887673495299411,TSPO,7.486841836405633e-10,PLEKHB1,0.7624518635592663,PRRG3,0.38066159080748296,PODNL1,0.002460139234378962,RPS13,0.004703834072522978,ATAD2,7.320226150381728e-05
192,RALGPS2,5.406761378589985e-63,POMP,2.210436018113403e-118,TMEM204,5.248380352277999e-127,RPL35,0.002990918307260373,FOS,7.933886394629886e-10,SLC9A3R2,0.7654726088128194,DDX21,0.38836513096987624,COL8A1,0.002485991772667788,HSP90AB1,0.004770808719917515,HP1BP3,7.531651502362312e-05
193,TNS2,1.265064770607137e-62,SPINK2,5.705953868833131e-118,COL6A1,1.1230508016241749e-126,CD27,0.0033569061793835143,SELENOM,7.972882021869492e-10,ARHGAP15,0.7659114019176237,AC016831.7,0.38997112998564143,FBLN2,0.002563844061093263,AMD1,0.005105711433633108,MARCKS,7.604074253927324e-05
194,LONRF1,3.2791128538372044e-62,PRKAR2B,6.251545271159481e-118,MDK,1.1863510063745827e-126,LCK,0.003483404953016251,MUSTN1,1.396312341473472e-09,SPTBN1,0.7674721625970031,HLA-DRB1,0.3910064914456175,IGFBP4,0.002632800288317238,CKB,0.005144029630727884,IFIT3,7.773566212581732e-05
195,GPX3,3.415794342554244e-61,APOLD1,1.2811119729672151e-117,COLCA1,1.638680756991318e-126,ELF3,0.0035205167747316144,NFKBIZ,1.4846224748879317e-09,HOXB7,0.7859538623576753,RGS1,0.39743561651032044,EZR,0.0027110377843723014,DSC2,0.0052123785278247806,RBP1,7.856518730833398e-05
196,SCN4B,2.2468285088900884e-60,HACD1,3.6732505320576697e-116,ARF4,2.7433533275322693e-126,SFN,0.003854755136204597,HSPB8,1.5614459293961088e-09,CFHR1,0.7862731823235177,CTNNB1,0.397594881560132,MIR100HG,0.0027275492237689054,AC092069.1,0.005855364440681056,SCARA3,7.931890879795524e-05
197,PCOLCE,2.944179603748201e-60,COX7C,4.498248796625776e-116,MFAP2,2.9438841189059137e-125,RPL13,0.003910737710576273,AHNAK,2.0187717355858643e-09,AL160153.1,0.7907351123569328,RASGEF1B,0.39803875132523603,STIM2,0.0028080903988555285,RPL10A,0.005902300961061137,TPM4,7.967720421559306e-05
198,MSC,3.6731493408108146e-60,MT-ATP6,6.810140491843944e-116,HMGN1,3.396249234814076e-125,ARHGAP9,0.003940622801402691,THBD,2.39218284128501e-09,SLN,0.8027161963004055,SLC39A14,0.40265433123243,ZFHX4,0.0028661815648565046,JUND,0.005946574121901738,FAM111A,7.978287604962492e-05
199,TPPP3,3.7779117203825146e-60,SNHG15,2.02140837949573e-115,PDPN,6.689134826063556e-124,HLA-C,0.004039463051667948,TPM1,2.3942432807673564e-09,AC092574.1,0.8064483201605583,LCP2,0.40382470383509095,JCAD,0.002882481807143639,MLPH,0.00616439503256533,CCDC14,8.04623194065103e-05
200,CNN3,5.512880416820306e-60,ETS2,2.132467361120638e-115,SAMD11,3.950797100149364e-123,CXCR6,0.0041655520016794555,FOXC2,2.5485741393488627e-09,CST1,0.8202154343283342,BIRC3,0.404870576751565,SRSF3,0.0029212972687917014,RAB18,0.006345960144611133,TUBA1C,8.528368567669574e-05
201,COL21A1,6.278235528043272e-60,MRVI1,3.332549324968979e-115,CYBA,4.061703546576885e-123,PPP1R15A,0.004350578918406978,FHL5,3.965654289447422e-09,RSPO3,0.8202402690045332,DDX3Y,0.4076597787016889,LMAN1,0.003045972051784394,PHLDA2,0.00657162696491875,PPIH,8.632571743892917e-05
202,ROCK2,6.811508614719467e-60,RPS14,5.657220389399368e-115,SLC8A1,2.056108622940333e-122,KLRD1,0.0051332844905838835,CAMK2G,4.114207271940685e-09,LINC02388,0.8221903515889952,AC058791.1,0.409197551956323,PLK2,0.003418871097409716,MARCKS,0.006734330762102818,HDGF,8.821315223621211e-05
203,FAM153B,1.833711566396318e-59,WDR1,8.88260349242445e-115,CSTB,2.255926765681757e-121,OR51E2,0.005289458395819467,DKK3,4.910687015109474e-09,SIDT1,0.8262928203571972,HOTAIRM1,0.4092554302166166,CYB5A,0.0034254499753951814,PRDX4,0.006824163811372788,HIST1H1C,8.870275311175904e-05
204,COL6A1,6.583688200304661e-59,ARID5B,1.4003876968064379e-114,OAF,2.7052497149202595e-121,IL6,0.005458888594446018,GLIPR1,6.407379687081708e-09,SFRP1,0.8277111456472851,MIR29B2CHG,0.41072717042612905,CPNE3,0.003438013061966428,RPL34,0.006831641608193396,STX2,9.440918377385727e-05
205,CERS6,6.625869378164344e-59,CAV2,6.760891310941639e-114,MAPK10,1.6215027185116954e-120,PTGER4,0.005691761601594239,GLIS3,7.0289341725131565e-09,ERG,0.8306366549813626,AC119674.1,0.4154297859788342,WWTR1,0.003499541074704543,CDH1,0.007062229475607424,HPRT1,9.58072862986218e-05
206,MPRIP,1.6753557447679e-58,SBDS,8.067813953052355e-113,KRT10,8.722920739544977e-120,LSP1,0.0061515712254134585,ATF3,7.307815589871643e-09,GAP43,0.8360706012983199,C1QA,0.4172658356047172,SNED1,0.0035819395038834095,BMPR1B,0.007487423815752596,RANBP1,9.686866855367086e-05
207,CSGALNACT1,3.874028620716916e-58,CASQ2,2.495923882559637e-112,BMP4,1.6073157410396858e-118,ZG16B,0.006241562587029964,CYTIP,9.260928055955856e-09,NPW,0.840213644753153,LINC02019,0.42205953664890394,ESYT2,0.0036637649256685283,ATP5MG,0.007625162307319011,GNB4,9.737798171525865e-05
208,MALAT1,5.375473558733039e-58,BTG2,2.6976118531687117e-112,KDELR1,2.071657664261064e-118,PRF1,0.0062717125593494865,MT-ND6,1.1413224679394573e-08,NDUFA4,0.841812152380511,CCL20,0.42305046743728547,SHISA3,0.0037500093163649363,NR4A2,0.007790382479959277,PFN1,0.000100592593672159
209,MSC-AS1,7.665250516459681e-58,RPL15,4.028760988103786e-112,CXCL12,2.850174616075317e-118,TNFSF14,0.006536736088925485,PDE5A,1.7115745403386313e-08,NUCKS1,0.84221188145439,JCHAIN,0.4234519454255662,BAMBI,0.00375818860168152,MRPS35,0.008147188090628895,UACA,0.00010618313810516883
210,LGALS3BP,1.127493241574781e-57,RASL11A,4.2022233431564786e-111,TRPS1,3.9033407838678213e-118,KLRK1,0.0066771573295822855,HSPB7,1.9892530342175546e-08,COMP,0.8428115512833205,TMPRSS2,0.4246340546016777,CD81,0.003788318228421023,ID2,0.008358279367497666,CARHSP1,0.00010726872784019167
211,SLC25A5,1.50125954024707e-56,NOL3,5.894717951965873e-111,COL8A1,8.913538277657596e-118,ARAP2,0.006677331065420478,CX3CL1,2.056069119414099e-08,AC026391.1,0.8460988513684446,NPY,0.4268378999290827,CELF2,0.004158406288800709,PEBP4,0.008562584466950808,KDELR2,0.00011247473252406884
212,PSMD8,3.7571633823476967e-56,PGM5,1.152491024419551e-109,VAMP5,1.560135929921286e-117,SH3BGRL3,0.006697163610135692,CRIP1,2.734609735229735e-08,PIP,0.8521304038919468,IL23A,0.4289650868283845,RFLNA,0.004327491312488554,FOS,0.008673980574406302,CALM2,0.00011365042226763703
213,PTPN12,4.61757421662112e-55,ARHGEF7,1.550103357620169e-109,DUSP1,4.8496541165394775e-117,MPZL2,0.006751537733987953,VCAN,2.975944728359778e-08,RPS26,0.8522556327312768,ALOX15B,0.43336957874455784,HSD11B1,0.004708709872191448,CCK,0.008686624974930798,RRM1,0.0001138277723175544
214,ASAH1,4.700828629080839e-55,NDUFB9,4.231989673442391e-109,NEGR1,7.095761333796757e-117,CD8B,0.007386449359919896,CSPG4,3.189977543764486e-08,HCG27,0.8584841356271186,IL2RG,0.44723854492624693,EPB41L2,0.0050460688280633895,CCNH,0.008792637260765172,COL1A1,0.0001165497889951042
215,PICALM,1.2554944358072508e-54,UQCR11,6.067790525078616e-109,PCOLCE2,7.20686452453937e-117,PIK3IP1,0.008190524415554503,CRYAB,3.210680785707525e-08,AL158071.1,0.8604159020872797,TES,0.4479702783572629,TMEM98,0.005203767471109988,NAAA,0.008904977236573727,HELLS,0.00011767400086275267
216,EFHD1,2.4146650204079417e-54,ATP2B4,2.0346957017911596e-108,GPX4,8.103112774107231e-117,GATA3,0.008374732260612248,NTF3,3.692633181473524e-08,JCHAIN,0.8639052248852714,NAP1L2,0.44811670662431413,SCRG1,0.00521293811819639,IL6,0.009300707741794853,SRGAP2B,0.00011831660796700322
217,ADCY3,5.684976238663496e-54,ACADVL,2.7373545768901108e-108,ZNF106,1.8832929226500077e-116,GNA15,0.008402018935863252,SEMG2,4.054230633538372e-08,AP000759.1,0.8640307899873799,HK2,0.44872711697702317,RCN3,0.005323195067970389,RPS25,0.009568573531378154,SPATA5,0.00012316302783284868
218,MID1IP1,6.301400621201059e-54,KCNA5,3.3655003236471463e-108,RORA,4.717589545201254e-116,TRGC2,0.008414836917183635,PLEKHO1,4.958058793005948e-08,PRUNE2,0.8670328106588179,LST1,0.4492402262070523,ATRAID,0.005600271049821429,NCAPD3,0.009874461581538107,MPHOSPH9,0.00012534773208324889
219,DBNDD2,4.613097640034468e-53,CCNH,3.719858869140268e-108,JAZF1,4.2863715522825535e-115,ID2,0.009300713499160663,DMD,4.9913252091312235e-08,MT-ND3,0.8712187326955771,LTB,0.4504999734388271,MATN2,0.005681082480240675,MRPL18,0.010706045956307343,CLIC1,0.0001264537333031296
220,LZTS1,1.0959558183692172e-52,DMPK,5.4552437258006425e-108,FAM114A1,4.708317544035066e-115,MT-ND4,0.010128031831044968,SYNE1,6.537127484551952e-08,SCGB1A1,0.8760250404232465,ETS1,0.45236266762401756,LARP6,0.00568356268261105,SEMA3C,0.010748805700064598,HIST1H2AM,0.0001292591135841552
221,MEF2C,1.1619057782368139e-52,TLN1,9.260056986853022e-108,LINC01082,1.4947185477550948e-113,STAT4,0.010276287830405488,BTG2,7.466156168001878e-08,PCAT19,0.877032182420115,CACNA2D3,0.45516485168315257,TIAM1,0.0057664618802114875,HSPA1B,0.010857399048223996,MELK,0.0001294927402179569
222,LEPROT,2.859571648281817e-52,NRIP2,1.2256872989441058e-107,CYBRD1,1.613428306393037e-113,TNFRSF9,0.0106182626884294,AKAP1,1.006846967602148e-07,CA8,0.880004405335237,PCA3,0.4613440817547063,CYP27A1,0.005886707859977787,AL627171.2,0.011289862284777517,SKA3,0.0001305994929214896
223,COL1A1,3.2659292462483328e-52,RRAD,5.677058755930209e-107,GLIPR1,3.532240188079126e-113,CTLA4,0.011134971572756168,SORBS1,1.0685349354899575e-07,LPAR2,0.8839615886453551,SPDEF,0.46164185894583043,MTCH1,0.006013384120616762,ADM,0.01135608779387392,ITGA4,0.0001307005475955826
224,CAST,5.6521897283694695e-52,JUND,8.86728653940427e-107,CCN2,4.8515296982912507e-113,WAS,0.012340949055898628,DGKH,1.1113903249277432e-07,PF4V1,0.884012017519191,CXCL1,0.463915936280326,CCDC18-AS1,0.006194321119268099,CYCS,0.011527503089436276,NEK2,0.00013097038708425332
225,RBMS1,1.4499447806767463e-51,RPL9,2.0072447245698849e-106,TTC3,1.0965118995076366e-112,GPSM3,0.012341550297526848,CXCL12,1.1201189662009575e-07,PI16,0.8844406819008513,PCSK1,0.4639408239962657,ASPH,0.006369691789783712,RAB27B,0.01158079006380484,HIST1H1B,0.00013130842470934062
226,JAG1,1.4649335970519323e-51,RPLP1,2.830321006904165e-106,FXYD6,1.7691799028117228e-112,F11R,0.012628249319350044,GLS,1.5300910762380462e-07,CCDC144NL-AS1,0.8900163523669404,P2RY10,0.47170431595311435,FGFR1,0.006383449895594376,BIK,0.011838288315117882,CDCA8,0.00013494252976658746
227,UACA,1.5097966484635107e-51,RPS19,6.88893646040942e-106,TCF12,2.6308183549804906e-112,HLA-DQB1,0.012849930848319124,DEPP1,1.570171641900312e-07,CSDE1,0.8919729249380994,DUSP5,0.4744087556391372,PDE4D,0.006437639898880584,ALG13,0.012012762394566985,AP2S1,0.0001354992361160589
228,STARD13,2.632364136815785e-51,EIF1,1.3903067678148578e-105,S100A11,2.87520826127487e-112,KLF2,0.013397429483453925,UTRN,1.768759643346793e-07,LIX1,0.8924400754479679,CMIP,0.47529110539767383,CCN1,0.006475483980831388,HIST1H2AC,0.012084998404673634,KIF20A,0.00013574347491593464
229,FSTL1,2.704622014497502e-51,DES,1.7072811981690354e-105,ZNF483,7.997036924608505e-112,XCL1,0.013454757445977215,CPED1,1.8307069474658393e-07,AC012254.1,0.8924400754479679,NR4A3,0.47729864113566367,SRPX2,0.006639705082528659,SMIM22,0.012380119110666402,KIFC1,0.00013658401752346722
230,CNTN4,3.618056767776906e-51,ACTB,2.596484008207806e-105,LHFPL2,9.170910593004863e-112,DUSP4,0.013723512670759698,MOB2,1.866590958598514e-07,CENPS-CORT,0.8924400754479679,LINC01303,0.486562137278609,LEPROT,0.006882150870837871,SYNGR2,0.012649753058414833,ARHGAP11A,0.0001386712417876667
231,CA2,3.713426906652961e-51,NDNF,5.510256509957879e-105,RNASE4,2.6002617490674146e-111,DSP,0.013885163345808913,PDE1A,1.9439136372385943e-07,AL020998.1,0.8924400754479679,HLA-DQA1,0.4867154315225751,SOX9,0.007047166566106732,ELOVL7,0.01270051464970458,CDKN2D,0.00014418775752152873
232,ID3,6.156603190809563e-51,PFN1,6.070971456930548e-104,TWIST2,1.1338704251531701e-110,FAM107B,0.014046133215931894,KLF6,2.385818806428643e-07,LINC01703,0.8940690802771558,SPHK1,0.4886594156971963,SRSF5,0.007457916167345572,EMB,0.012790673887074047,FOXM1,0.00014511463599383882
233,ADGRA2,8.462925032290862e-51,ATP5PO,8.165001557590904e-104,RBBP7,1.1466881246639195e-110,DNAJA4,0.014317392733525667,CD164,2.5867506675610357e-07,AC087392.2,0.8944606134159104,FAM184B,0.4919172329506891,MGST1,0.007540038176851829,PPDPF,0.01296546493988643,RAD51AP1,0.00014518902814469553
234,EHD2,3.33330531637095e-50,ATP1B3,9.40441680540337e-104,PPP1CC,4.5306839311035895e-110,TNF,0.014791760371616046,SYNPO,2.6315505686301804e-07,OR13A1,0.8944606134159104,SERPINB2,0.49745889438832946,GFRA1,0.007641725866122386,P2RY10,0.01327582352233581,LAMC3,0.00014593492741708463
235,LAPTM4B,7.328741607382663e-50,RCSD1,1.0639374820097942e-103,PDIA6,9.972302590279149e-110,APBB1IP,0.015114091748581642,MAP1B,2.819495349356166e-07,PNOC,0.8944606134159104,KYNU,0.49903721216398744,FMNL2,0.007676760715011931,MAFF,0.013966386630454838,FAM111B,0.00015106491750583258
236,CD36,7.927206871298087e-50,GSTK1,2.511578636890576e-103,ZEB1,3.434295029807411e-109,EPCAM,0.015381140867144377,LEPROT,2.904477192657133e-07,FAM166C,0.8964818364143908,FCER1G,0.5008776160306871,ATP2B1,0.007807116763345884,RASEF,0.014808575108598693,PSMG2,0.00015152904030706047
237,TRIB2,1.0493723447336095e-49,OAT,1.2150626954249912e-102,PPP3CA,1.549229131739583e-108,TMEFF2,0.017091971343585675,IL6R,2.912658690140969e-07,GRIN2D,0.8964818364143908,PSME4,0.502474671315012,CFD,0.008039171934341635,MAP7,0.016478811270193867,DNMT1,0.00015222774211246025
238,GRK5,1.2689439331353484e-49,MIDN,1.2024188843405922e-101,SKIL,2.568404740258927e-107,KRT5,0.01805224883125455,PCP4,3.433290297054396e-07,LINC01561,0.8964818364143908,LCN2,0.5025786380146265,PNN,0.008124950382521182,SHROOM3,0.016880310989922764,PIN1,0.0001528123091817725
239,B2M,4.428533150139426e-49,PACSIN2,1.946940237510533e-101,COL16A1,4.312673767870604e-107,IL2RB,0.01810864216341369,HRH2,3.5109444328303243e-07,AC010737.1,0.8964818364143908,BLNK,0.5026956141454176,FBLN1,0.008129739785286437,REPS2,0.017483764446647888,HIST1H2AH,0.00015556833719824033
240,ECRG4,6.048955501680429e-49,RPL7,2.498465496187919e-101,PCDH18,8.235631128998141e-107,PLAAT4,0.018139850826219914,PBXIP1,3.642005607637446e-07,C19orf84,0.8964818364143908,CCL3L1,0.502721610795595,HELLPAR,0.008315714895521005,TSPAN8,0.018225980110010986,PSME2,0.00016241622612408153
241,TCF4,9.75491337700252e-49,PPDPF,3.265580961620438e-101,GATA2,9.697922976904864e-106,AC243960.1,0.01952174805558883,ZBTB16,3.761269234281016e-07,UPK1A-AS1,0.8964818364143908,RLN1,0.5036969979725664,QKI,0.008510476580238237,IL32,0.018679447034535782,MYL12B,0.00016660076679645585
242,PDE1A,1.4146215933629748e-48,ID4,2.1801016629131263e-99,DPP7,1.6921897410672517e-105,LAT,0.019578526098132584,ARL6IP5,3.935616865620017e-07,ATP1B4,0.8965323756541754,AL360012.1,0.5040223488939755,SLC44A1,0.008666457805513856,IFNG,0.01882776344927984,VBP1,0.00016706720803985858
243,PDLIM2,2.4884080994957793e-48,NDUFB2,1.05597537659555e-98,SLF2,2.846676644256904e-105,CDH1,0.019598387303794103,RASL12,4.1362404309272387e-07,IL10,0.8979855575415587,LRRC75A,0.5055986131724559,PAK3,0.008901139666487335,CITED2,0.019407324149075166,FAM83D,0.00016877373478086432
244,GPRIN3,2.8112700390330885e-48,DACT3,2.1275724827953892e-98,TMBIM4,3.1360103829508136e-105,GZMB,0.020397110855880633,RHOQ,4.5008660811563604e-07,GSTA3,0.8985037314747099,EIF4A1,0.5093084446412395,BEX3,0.009454743912978096,LCP1,0.019519220349586232,HIST1H1E,0.00016890238309275542
245,GNG11,7.131168613392392e-48,MT-CYB,2.354172566522446e-98,SMARCA2,1.1038370177188197e-104,ACTG1,0.020657608582008474,SLC4A7,4.751130974391948e-07,AC091885.2,0.8985037314747099,SPOCK2,0.512861706677078,FBN1,0.009486905030339209,TNFAIP3,0.019872317303489682,CAP1,0.0001697623987134849
246,LINC01197,8.812904731758944e-48,FOSL2,3.025098252208861e-98,OSR2,3.041492486284867e-104,HCLS1,0.021091799335562295,AC093390.1,4.77370389717215e-07,AC074183.1,0.8985037314747099,MFSD2A,0.5158479661446698,SLC22A3,0.009561799924656703,KIF13B,0.020718576256488958,PLP2,0.00017002120553758943
247,SELENBP1,1.8740930684113801e-47,CSPG4,1.6394134045436531e-97,TMEM258,7.720905438176883e-104,BIN2,0.02255599474068215,JUNB,4.77936326951564e-07,ZNF114-AS1,0.8985037314747099,IL1A,0.5159138441783516,NUCKS1,0.009581596529867833,MUSTN1,0.02335358579417587,LINC01140,0.0001704533751435385
248,RAB31,4.2285826494352094e-47,RASL12,5.216364212123396e-96,SYNE1,1.4670886219486225e-103,TRAT1,0.022658281014912632,HIVEP2,4.992244544026861e-07,AL049629.2,0.8985037314747099,LINC01615,0.5163223853801935,GAS7,0.009651571620654364,PCAT18,0.023749896017182793,RPSA,0.00017572065245944967
249,ITIH5,5.045492422818707e-47,EHD2,6.664387583784849e-96,ABLIM1,2.1218934316668923e-103,KRT8,0.023422530611192427,FBXO32,5.402512635650869e-07,BMX,0.8985290093607595,CASP8,0.5194909515133888,DOCK5,0.009810683775160594,G3BP2,0.023938890110492658,FN1,0.0001803178051086563
